wallet,score,total_coins,win_rate,net_sol,roi
9ygnFstYzbQh25J1qDC41wHvzuAX5c8xg5NDGCRiGeSP,95.3,118,0.903,560.5,2.52
BocpMHmUePwamZcBxhRmb8YUVrqqhr6AkzdazosijSrM,91.3,83,0.944,541.0,3.63
8oRwzEuTNgZa6KV6eEU6v2gf7UvBCVA6Dz5CfkLPgUoZ,91.3,119,0.81,283.6,1.58
GgXicFDK9fiL7pfVdf9Cw6PFsovxdEXdYisQnDgZqxUC,90.0,60,1.0,16.8,1.81
jmemehQbZXX7QqNE7Eyi81MdTZw6cEAT6TU4Kinwtru,89.4,109,0.805,255.0,1.82
BN5UW6MaLRfqV5SqrC2qFeBipDbsefMrQtfhx91JMKJ6,88.8,311,0.751,268.2,5.17
4yo9CUuTBbds9NFhZd4MzPiZZkUvveXdTnAH8qMsE8ku,87.9,152,0.73,700.0,2.01
2dZsMmtFfwuVLjzLrA61inM1hQF9danxskwe65LYYYeD,85.7,98,0.763,595.4,2.64
39rTmUR22VZNkGUAo17KMLF7qFNjdCCcs51pBT9cbp1W,85.6,99,0.757,423.2,2.15
gCbBB4EEV75yJbTqcu6E8t9QkUPykqje7JUGTZa9sGK,84.9,98,0.747,508.8,2.63
97fVD4SLcrcTr16kdgTS9Gq5kJFaP3N2HXAEm1PJRKqv,84.2,98,0.73,764.1,3.74
BtQWYDCLuPckEFDgGi8d5geRm6ZwZvBNTHNvJNMHsx95,84.0,154,0.645,188.2,1.69
HMjCwRuDmj9Na89TGJLcUv9cdwbAsEsTzz2uFpRDZgi,83.1,39,0.925,216.7,3.7
ALVMJ9bny8tFT7AapoVbbzrgCYzrjy8iHw6EHFaehgZZ,82.6,642,0.698,2160.5,1.34
9XWECMNmva22nQ6usNdPcJJvmrSWjKAXK5WNDQinABwX,82.6,30,0.947,97.6,32525.02
q2rHPPM9aJXwqN9VywmGX6rRzMWWwsZmgw1wiPnEaCR,82.5,138,0.934,61.9,0.88
5eiJkhqJbkyHYtwEYjSfx1e27rrG8btzAJRWumUbEES6,82.5,64,0.818,16.3,2.18
4wVtvWQHVizL536kBCiCnbgz7RcJWjiGsVucb84eqXAV,82.1,25,0.955,33.7,3.69
AcKpsk3AKJR8YiTrHr2XCFZ2WV8gcM3zjgcr4P1MjHD1,81.9,59,0.823,317.7,1.83
3bA7CncdQKPH6gYyLZMwBu1AgrdCWNNikp8ezhFMAhFv,81.9,78,0.77,274.1,1.47
8arvt74uDyYcGFuRig7F96RjQpwxGf9wLEUxmzhGnvu,81.7,78,0.81,246.3,1.38
5apcba7gDNp5yk9oaQVwe3Ws98sydYUcExM3zHpyQeEN,80.5,66,0.882,11.5,1.28
8fMZpQdBp4pDTybkicLQmWT2JBaHnMQ2nLAY88vHJ6Fd,79.5,29,0.881,13.1,1.67
FH2Ahq8X1U6hZvfjaHh5p8YfuftgGAaz7jqSjFGBCzUS,79.3,32,0.867,61.2,4.33
GcK6MZmnGj27eEq7Z33y78MPC23JLkBVvhgAeaAqGHTZ,79.3,25,0.893,5.2,3.2
3GzBLpxTWWTPWwBYQ8Jgrz5XLUCg9aY6HiB3GEBUBAv6,78.9,65,0.736,225.5,2.73
2qnPwCFHgpeVtVaPnY3gjNkjVHDogzLMY6hhzT7tTyTd,78.8,78,0.783,240.0,1.31
FtJH2tKZEj13CPogi7uNU2BPSkgAPMabBmb8CTr6c4X1,78.6,33,0.846,629.4,20.22
HMxLwCX3JmtQJDNA5r1iH9eJ4tMBLrrFisxCNY5GqCof,78.2,41,0.809,59.2,1.9
8cjY8uwTBgznjVxUgCRrKRWwzsKB7UvJDjKJcyyF1D4L,77.9,35,0.842,48.0,1.47
7PteyyyR4pvnCUr48bqQN7mxMAuQV4amBkYFNWjohoms,77.5,64,0.708,153.5,1.99
By3zeWf1VKqjgs7JCmBHTWiX5vPF6wpH3SaMzzaP8NFM,77.4,143,0.805,121.8,0.91
HmnoD2K1A4J6g8cYPuo3pZoMzx96qRqvxCJmfL26Airx,77.4,26,0.846,58.6,2.14
8yspHpQXE2GWLvaL2adccHSXym5x2RWpizkohxFMqj8t,77.2,211,0.756,98.7,0.99
7UmjN4kdeZaMiNWadkiu3nawJCWYnjbEhrqe4HC3UiPX,77.0,26,0.838,362.4,5.24
FV6cHMsmhUdWKxAytyQG1qAWzjNTmdEszsYcJSQpp2kh,76.9,56,0.988,7.5,0.99
ChHLuMTdwcv2oUKfoWzxotDs9q6881xnR8uGwUAqBQVE,76.8,51,0.813,275.8,1.36
4euyaqBe45J5dniAcNARERUo7B1wG96riG21sEpNndfU,76.7,137,0.732,379.2,1.02
Ddp5vJQs7Rerjd3k3abTjR8YDm245LYK1nhEXDSEssZS,76.2,75,0.638,12.1,1.98
912PrV9gXLHa7wNXGHdgnPQFiahySrtQwSVhfyfdkQpD,75.4,92,0.679,1218.6,1.26
DankbcqLYtJbMgL6MF4DJCSAk5HPWAkYFUq5HqFRaDan,75.4,58,0.683,112.6,2.06
HcrgHm8SRVMGusPxrimAzK4oNMgLeibPrxwj3tkcHnR3,75.3,51,0.829,216.8,1.26
9fm4TX4zAqcoXmiGbe9p3tpFdvBEudYVJAJo7PYcKzbE,75.0,64,0.652,150.2,1.95
BMzTza9NeDiib5pbzthNV79276feRujYvSa2xx4Q4JHW,73.8,93,0.797,4.9,0.96
dev12bVcv5ZLjo7eYgZcSmZ7KBjEVfnfvorwqdZ14fo,73.7,45,0.692,49.7,2.64
CpX9yBNpdDYGhkLNrXLrWyt9VmZdoK8dPxCtUapKGGSC,73.4,227,0.765,5.9,0.81
5brv79eFZ2rGprXNvqgVJBkBptkkw8GJX1XydJyZLyAr,73.2,408,0.891,1029.2,0.56
31ZGEyiLzDn5NRcjzatFcknZ5C6c5u7hHVL7YTnUWSsq,73.1,30,0.873,75.0,1.23
82Bo1Mac8UwDaWFRDCGFpFWfbzFK3wvZMuXX3xka3Emd,73.0,51,0.798,228.8,1.22
RCzbnGHm1ugzNesac7TrdJ1p1ecN9VGLTC7ydRSuNaa,72.6,25,0.909,3.2,1.18
GgGap6tiUKhD8XeUZaHpVB3rerb3zKWNouWQJHozDujt,72.4,382,0.654,360.1,0.99
iGiyBNJ9eKcPfBLaoVCEMx3WCyrnUT1SfKZL2DYifcL,72.2,50,0.8,236.4,1.19
2qWwD6LGHLUSJUoCwhTaMrMoHEWMFJVS8FAztzQyyBnL,72.0,217,0.788,117.6,0.71
7p4AkPb9AQHhzmUHF2kUaHdXp2xizrUnmn7vQw9D4GXD,71.9,64,0.739,664.5,1.2
AyoAc9NfLQD78vrFJfEuRJRCZaCnMfd6QzsNQWSucrLk,71.6,116,0.808,107.4,0.68
6XeV1QoAyM8WzxApMM8szm2NsUHW8341fZT4jdKkwkps,71.5,67,0.86,150.7,0.93
GRdZZcyJCL2AmqgfRTuQUA8GmgwiFkRSBvzzP66pTydP,71.5,46,0.739,1.2,1.31
3w8N7ay9pvNaXxYUu7gFeZQ2zHg6FECSgwGWxcWwb8C8,71.4,124,0.709,395.8,0.84
AmoTosp6DmCpdnbfi2vfewi6xiZVPnihBmg3ETcKMUnh,71.4,763,0.776,193.0,0.71
4MRELLkwYEyc84aHr3pX33PoA6vS1Ddi8fccXHemwnUm,71.3,37,0.921,44.7,1.02
HHFLtcAVGE8JZ6VJNT9rEunZ4xFF2scEDXz3pPg3xySs,71.2,200,0.8,88.4,0.65
2hbFMuRvSF4Mi6iV84CumhipfKmgFg11a2nQaVoZRwce,71.2,53,0.869,84.1,1.0
6xPuBpf5by2cANad4r63kAJtyzcRhbuLfKkoQu4Gpgp6,71.2,67,0.84,8.6,0.95
BNnN2MqfWLvgThYBsv6v8JQaYZXYKYahC5YCy27Ct1cX,70.6,75,0.694,165.8,1.15
62LwMV62ca93uJL6iZ3X9X91mFaNMJ6uun6VfBupnFAH,70.6,110,0.827,7.9,0.64
93kk52HkrH5pHEPyb2KM62mP4cWA1N5DaSgBgDzA2uT9,70.4,104,0.711,146.2,0.9
5vQU8XBC2v2rcW2dFbsX18PnEntgLrMWyAf9ZxTrbGUN,70.4,39,0.809,13.1,1.18
HNwTzWufZWiadEXpf8rN8jd2BcPfZLUEs23uLkRVZZx6,70.2,28,0.678,364.7,3.33
Bq5VTQ5dvWJgRA1wumMYkajnLQVFEXiHjCx1RZrERhKU,70.2,355,0.806,357.3,0.6
AqKqMhxg3vkpVjpHBxAARB7bjnSEDM1oVBfaJ8AHuNgV,70.2,120,0.711,3.1,0.78
26zCLVUjevVcqtcVULuESUata8NPNkXYzbZUP8Pe9i4C,69.8,47,0.867,5.2,0.98
DKiktLBKEXCMQwpELmQMDw571GVZycVrD6NaNc5Bo4hE,69.6,41,0.902,55.3,0.95
GbuJvNLYUv8vFzamSEczD6ssofQ6k3uFJz6Hr8M5JF6j,69.3,119,0.703,3.0,0.77
HZNsxR4W832s2NnM6ZxvhMutuePHXMNLqVSCJx2XDKSD,69.2,32,0.775,32.4,1.25
33dRNZXnexing9zjk7N4UNWjS1Q7BoYbZEz4LjMyH2Bn,69.0,65,0.873,58.3,0.81
H6PjRLnqGPz5VEU4roZzKnfJRxKECRzYuJAZ2Hvc1rAc,69.0,58,0.864,4.2,0.88
Dpdn5FZL9wHeWipULCbfirkxBVyb8aZRn4bJBY6p2Xt9,68.9,287,0.806,275.9,0.54
AYMwxmz48HBJUvQW1zEUPtJnsfDUVgQnmSagqfWZPPLF,68.9,141,0.782,175.4,0.59
52xBjwUY6yhnnQLmPdTz1SLUr6SndT46XxG7wD6F4iH2,68.9,97,0.732,3.4,0.85
BKY3vyM9rxaiQpaCAFvdkAKbkuihW3jHxEf91axFe5n2,68.7,145,0.726,558.3,0.69
JCeGYPLGnvujWW6LHVAsR2ijJw7AFCggF7HTp6kqdp8p,68.5,51,0.809,10.8,1.01
CZMvsfuFkCLQV6cgXkyMDvDAQ5sL3B7r6Jy69CRuBYyF,68.4,50,0.758,220.5,1.11
BBeft5QozTYdDPagToAjvcvCwBXXjzehxqs24BtCLMRD,68.4,371,0.676,95.6,0.77
5Bqe8qo619H4opYGVrXUkT6rwMeCt91Y1KGREvY7N5T7,68.2,141,0.788,163.9,0.55
GY3KGev9cf4VWKCVVzSyQwcTZnG49JcvkRWWryy2U9Vr,68.0,70,0.735,171.8,1.0
7ciZHB9e1UH7TDvPUHnKqKHAgPFwAzmHuEqXVHTTwPbb,67.9,32,0.818,79.5,1.1
Dq8igMH1iiZ7kVAbA8BNPy2KXSPg95cSgYtrACpjxSFS,67.9,30,0.816,57.9,1.12
Q4J6vefnKFmg5gAxGwnhthk5sewKDpnC8YNLD7Lv9ng,67.8,104,0.808,177.0,0.61
EY9UZTYGBXUxda5WeFHt8yqXm29fbKFjCBfrW5iJxUxB,67.7,345,0.797,315.2,0.51
DGidLoNkmkHHSSNi8nS4fF6FvUrhRaNkpGyNQ5qcvE83,67.7,388,0.62,39.9,0.85
7N9r5BXviEdcDh8nxrtjgQAFeqMNBjc5HTCug86BnjXx,67.3,71,0.764,6.4,0.9
Fbbicpv9XmAzEWBGfmydWALxtHmsG9DGyC5pftNar6pm,66.9,48,0.749,105.6,1.08
2MyobcyPPzKLVPgY1nQusXzhX1YJWpVoUeuTxgmbXXGS,66.7,31,0.825,72.7,1.05
MqSiN8NwVu9wZgTe92gHzRmfD75GNFvB77QYJbmeHJt,66.7,58,0.841,71.2,0.82
5hasxiDH4gsskKqqGgHzTv6gDkUTq4ieZa2PfbivuK8B,66.6,73,0.815,140.2,0.76
yaggggt9qZDv5ZenAZVG2DMJhJ5EGssXyXXH8jYuQ7B,66.6,74,0.709,112.6,0.96
5JJXNntSS2Y8mP8kYZaY9MRkA95xC35QhhL44uaGjFiC,66.6,33,0.683,64.9,1.3
En3NPq8o9Cynf1Q3eP69AqZmPKmBaDugYnE832o2YuzP,66.5,102,0.709,309.3,0.75
9qgCzhzGSbrjcCgyRbhVENgJu1GSjCTEndcnhjN9sjDJ,66.5,256,0.623,94.2,0.79
8DgVVtnNZQRKu4Cx6xeAMTukUHMTE3f2Cqb1wMzJ9beU,66.4,117,0.817,198.4,0.43
2QDjVhgWAQMYfKk5oyr5uxLG2HadKfGxKkcB1Nn114i3,66.4,61,0.67,99.5,1.12
5BFuw7KyK5ryyvBwv4uJYwwNMnXPqGJGcf6okqtnhmFJ,66.4,120,0.783,2.8,0.48
HotwanNS4MKqzr82mNBthdosseVGSh7kJFHxVP6soVB,66.3,145,0.751,67.9,0.54
6gHWm4xAywaK9faNdH3v71SMTaXZkGXbPWA4T3TNy6yc,66.2,63,0.69,202.5,1.06
2wwEV58i3DUDWGQfet1DKfYNRKF2pYtWxz1ErU2cs6zG,66.2,709,0.694,108.2,0.64
HYM9Ew3WRS36veY4VSxTQgeSgcAmj9JNqcP5rZhB217c,66.1,97,0.707,4.3,0.78
DQApNebkK5wCmy92T5c4Z9NePWjP7dC4avpLMzuxadxR,65.9,772,0.782,259.2,0.46
5xNP5mgLAUWWnmZNBjhgKLveyf2gsdS3pMd7ipKJfqE,65.7,110,0.824,5.9,0.44
CpBR5MNFuQpdB7bYkjBW9eNoxM2RYrFU5ZBcEQyqrRpM,65.6,146,0.841,82.5,0.33
ANQAWcduKeTYn3fVki7hdkTDRUWgB5DTLyissf6AU6Ty,65.6,111,0.878,14.5,0.32
D4yrdUWHTf2wUWr7TZc3gZdMLsZ77y6RfHN4U28etf1j,65.4,210,0.657,378.8,0.68
62mLq4LSJfHWdUZU9KWSJBSF8ySFheQ8sQ7q4XeNHCbq,65.4,51,0.646,56.2,1.19
BAutw7mJLs11Ap7sBABCMaEtd8892SSHKsg7ym3V6ZMX,65.4,107,0.765,2.1,0.56
3Xk2EuuSwKgniGNA4XkB33YY4mnEvcMnTLNpkKgGa14X,65.3,500,0.768,157.5,0.46
2mqrindMAjJEQPLhroYWyiYPo5h9iAsahfdd4QtsjwdY,65.2,201,0.827,238.8,0.34
GUY2nGtfg9gdbZa2b7sGNBPM13uJUdq5PeEyUtJVwVgP,65.0,109,0.655,33.4,0.74
44cVMCPPywt9xVSNzBKghvNGW4kazYVgoU1YfBoSuuvR,65.0,67,0.716,7.3,0.93
6kgKhKa4mohKkUx11FDhtBHxjrTaVEDFMb7eEHPFdF7,64.9,89,0.691,151.3,0.81
EDozia8CitSkQCnpXu3ekLJCoiLvPUWWLgiRTKiES2j2,64.9,70,0.617,10.3,1.09
4nF3pE8L5ASewWFDrswMxZWNYTmwkBLXeghqVSNRgx2j,64.8,75,0.76,49.2,0.78
CVwjmDXhGfejBvrYstTkwqeyuJX8JUWXfBjstjJgUta5,64.7,163,0.749,37.2,0.47
57stAMFvwctAjkBS76RXGoK4QKyS1QoxbGMbzFFe4DyZ,64.4,635,0.876,461.2,0.21
22byfxorYKFAnteD7nphLtNWT892EvRdvxJ2EUMgoehn,64.4,26,0.685,84.1,1.25
423yJvYSHZqU91M9djStwGsFupARLsAxd1zstoEHELPu,64.4,321,0.637,38.5,0.67
G7h5tnxJnwAh2J5vkzxXXZo11exDGUhDffpSTYxDSHHq,64.4,67,0.694,10.6,0.94
2Y4Q4sEPezD2aQ1f5j278Jj7QbCg7mnKZmAdXTVADz5s,64.3,51,0.798,178.8,0.85
7cbJvnJTadhaRtdGbTKy24PRrzqvAZYQX4Dw3RtmBnLn,64.3,48,0.646,124.2,1.17
6buU6eWqdeCUnpfA4x5eMXDgK9MJwBwxnRvSk8setToz,64.3,64,0.628,108.3,1.09
AiNfNi2ePcQMVE2jrkbTRvFTXYGi8C2VVneJYNZNaTyb,64.3,421,0.649,101.5,0.65
643pUYe9Y5mzuYNUVyhrcYSAusQziEnzUi8VteE7qTwY,64.2,257,0.715,106.1,0.52
G8ASzNwgU93vUxzNEpwkG38dT3zLXXep7JYTbmkKSF4R,64.2,159,0.742,36.7,0.47
D1P9dPB1VLnPBMXe52hpJXgScaKjexZ3jx3KctwqHfAS,64.2,146,0.813,0.0,0.33
Fyr3eVTySpfyczEzUFcJ3SPtEKRwWKhxsmAWLghwP3FL,64.1,164,0.644,277.3,0.65
2T5NgDDidkvhJQg8AHDi74uCFwgp25pYFMRZXBaCUNBH,64.1,46,0.828,60.3,0.82
CAvvAFNRfXDWTTDqwgxb9qSyYT8fTuTXWSFwL7Jsz8vT,64.1,400,0.723,21.8,0.49
Ajktg5ChFD827z1jVK3Yip8C3MNGB9QwR3wFaaUaHqMi,64.0,102,0.676,213.4,0.71
8U2DvxLvpUDN1snRebaJY2QxQTF4Hzj4RbXCAqV6gL8K,64.0,677,0.64,89.9,0.65
2JKBZ9ftfdL3hzbk3srAvCKDMKjEUXv9JFL8arwHYDoy,64.0,177,0.859,3.7,0.23
2HwtuCYmJ9wSEsfqFVujdnkvy9C8U2tqVm2ajmGrpgV4,63.9,46,0.725,137.0,1.01
BFiNXGyCMcFJQRPW5qnp6hzDfWie3Cdai3wuo9UXPq8r,63.9,32,0.714,81.1,1.13
moneyjZv8EzjQ8viRj1FapXgVQc4vXxofi2tQmezgdb,63.9,189,0.814,10.3,0.31
5TvARq2eDkbspJRasST57EC3QyyUTA3tU8bPBTCx2DyP,63.8,33,0.811,178.2,0.94
4EXTG3CCsmBSTCNVKLhuiL75ttFEoL2g7HFNDwd3zjyt,63.8,167,0.799,86.1,0.34
7Ymz8ccMNNeZdbdJzB1gtMPPVHNk7N7X6UNiJgGvzRb2,63.8,86,0.944,30.2,0.3
EKA4XDZ6GPNgrme1XJzTXsfeTs2134MMHfL5BCn28JVk,63.7,56,0.718,143.6,0.95
4AEZANPtAVdESQY7ntztL1BSkKzocvoP2QsmMz34zd5m,63.7,167,0.794,88.2,0.34
9wLN6VkQjhTsGUWGyY3JxqfyEPQAj1yXYXT37oaCzyCx,63.7,259,0.625,78.2,0.67
GiZBjittr5ugxFE9b7psismTtGEYgjHqHwuGiMX58n5n,63.7,133,0.736,32.8,0.46
F64QJNbwbAZLAbvzNYkxjHirfTWQDqj3Vz1FrBEDL5Q8,63.5,193,0.697,91.7,0.52
3E6Eq28ZzG2gE1wna6BoDFaPVgbY8edJqQNF5mqcZv2c,63.5,125,0.783,34.3,0.36
6qudAN2kV8mtCcYJxb5QQ6Vr15itdHHdeVbYm99NKMhy,63.4,114,0.846,186.2,0.27
H6hPTUg73GDscH4Q9NAviJrUtMwUXE6PzZat2xWDszrJ,63.4,132,0.702,101.3,0.5
CAwkpFhxxkw8vYNNhBt7HyPVsndHtjaRyys73KVr14J9,63.4,125,0.776,34.8,0.36
FK5z4HVnGCLbMNATcAVm81551Ng6NZU6uRFezzMKdF3k,63.3,139,0.66,200.2,0.58
Dq3Vr8v9uyBJmq3fhLhLEYKnenHAHBBg3AUJzbC5WsaL,63.3,256,0.713,96.5,0.48
A8HoBuqtC95LrfNiCLMYMhgxr3oXQz3J9kbp7rudub3X,63.3,79,0.855,87.2,0.5
DZfQgRFqU6msk7TJxFgwSAbeWfa62Qk4EniW9FRvYh3x,63.3,115,0.666,17.9,0.61
ardinRsN1mNYVeoJWTBsWeYeXvuR9UUDGMsCDKpb6AT,63.2,416,0.744,570.8,0.42
6GTY24Q4ZBBAZM9eCR3fK87mn9R1219Y8MZ5Xaz7xPXj,63.2,46,0.759,66.5,0.91
5iBeTSRgoGW479RgrMmJfSvQGyji37eDfiYwzLoBkeHo,63.1,140,0.78,38.2,0.35
uUJvAggoXhTMAYC6zzN8uNUAtBoarpsYx5EQyrrrAQD,63.1,124,0.69,10.1,0.52
R7FafdmtKEcKJjGeZ4aK2yAX7mU9V4pvRnLm7U8PvXP,63.1,173,0.66,3.8,0.57
7w75fZ3y3S2HeG6C9JFRVkLpob4Jf3bhGugkuVGtPMWD,63.0,287,0.631,108.4,0.62
Go5aSkHhNenbhYojHQsAyjKacgvnB4cUpLwdMikn3Nyx,62.9,746,0.73,167.9,0.43
EaEf6TH8Nd2SThZrPKLkR11U6NojWZEExVL4HiQ1XXuw,62.8,223,0.617,52.0,0.64
61NP6BpRMtaFDT32y4zoLcMPn4HJqZ8GHaXxw5fujVb7,62.8,374,0.797,17.3,0.3
4vw54BmAogeRV3vPKWyFet5yf8DTLcREzdSzx4rw9Ud9,62.7,414,0.74,640.8,0.4
5D3oQydEzrwFnKRae46Q8a8wqhNVBSp4tkEpaB5kD1TV,62.7,139,0.843,41.9,0.2
2zafsmSGA3eUS2HawzcnDHRVri6MWtZ1pVUDquZNzSFi,62.6,139,0.77,38.0,0.34
932KTqDM1zmYdoUu5KZ8bjJg8VRs6cfy6Be8vpBKf9CN,62.6,153,0.683,7.6,0.51
FtRTGWYSMAcqLBQoN3G8iiQSp3FUj9RhF1AUmYyn2Gp7,62.6,237,0.69,0.1,0.5
CGAZ8ysbcmc6a14uYRqDJfnQvjRF4fVSZBYiTsZgRwcH,62.4,100,0.75,134.0,0.52
6Ys82T6Q26qvmBcHJPCRhwpTh8NBjhxrXCyN93KY6Zor,62.4,34,0.775,85.8,0.94
ALPxgnzNs7nFU2m52eAcDwX3W9sS6ns6nMGVMHsMfZTV,62.4,104,0.744,23.4,0.5
FjkwfPK91zbRKNZVRBEhz99EdjF46ytW8E95djHdG4RX,62.2,111,0.789,229.6,0.35
GJojuTynnRX51VhaYGXh6SQBhQYH1RDtekLgV7ESsc48,62.2,64,0.779,115.1,0.71
8c4vNp67MechJcjKy1czCxV43fjzgYYQTYb3RyJtjvUF,62.2,46,0.869,5.3,0.66
5WxKGiCuSNj4x7MiZpeG3rfpzj9heMSkiKa8jaZwiZut,62.1,182,0.735,35.7,0.39
A8aZE1hcTp9xgDBHKtU1dzEktBpGx5ucqY3Fh7ZjNoFt,62.1,33,0.75,20.3,0.98
3xJ8i2bGkQ3oVwWic5aufiZtodA5MEWdZKcXUPZT8kwj,61.8,36,0.913,94.1,0.63
GFFcGHFjpvNfAFBaH5Tue8wmPv93P9tTYEdqNkXKzZn6,61.8,134,0.631,89.6,0.57
Gfq5VJtapim2wVwAXDbpH2pVNdCL6p2kYTUrcWkmTRh7,61.8,517,0.716,77.0,0.41
8SMEvzENtPcZTFGKmAzYRzzLetoZVbsacPbZsc9vDufs,61.8,25,0.881,10.1,0.77
HhNghc4Umtao5wE49z9xP2dqud98FMdSDyKA3pqoYr9E,61.8,91,0.773,7.3,0.51
5XbhQ6UYeTWKoTNHFi6hVYMuAERzwzGbEQBxVM3rwKup,61.8,162,0.707,0.1,0.43
DJT7655sqtNTsk3LbAqYwXNyLo5rM2X5nyrzFRjehdjU,61.7,71,0.731,53.5,0.73
4acqmVwBrE88isYF37jU9dBYj31GXc9tF1tpa2SVHgHd,61.7,39,0.704,39.2,1.01
6E3qB4gz8vS8t3j61ibSVFndub8reDSC2jSTdhjUBiS,61.6,32,0.683,60.7,1.09
E7yKKGxVCxPV5rAqBsWK8xppcNZxPj7nfWJLXvbWNJrV,61.6,43,0.814,33.6,0.76
d4uZpXsNtK7TR9BjysQPdkjMPVftoDS1DguZnBDfk3E,61.6,89,0.865,11.5,0.33
7SKJAkT3yEwjK16BqoxpicX97vLCJcUX2kQundVAWhku,61.5,145,0.705,377.2,0.42
7Ha7bBAXHEwVJitgv4QrGXThcCdgvyGrBCapKC3EABEe,61.5,49,0.793,129.7,0.75
2cnxtRSdeAXnB9LZYo4oUxAFctqqDV36RmLZvT8WnKZh,61.5,255,0.7,85.4,0.43
BZEUxqGUj6kH9c1z9P4D7xU7J2HjuV1q2bGq19urGyFd,61.5,175,0.799,81.0,0.24
8hnS6wu4anQoKHBs3xw4kwcKxejuVFuLsUVqhpkdFxza,61.5,111,0.819,30.9,0.27
2V8YCTLiX7Usr6YZJU8WuhDCaK3TWFtNZXaDCVAk4Djj,61.4,30,0.766,171.8,0.94
hh1esnZWcmtGLwAN6PvPdttfRNXg2PhA9mQJH7hkbHq,61.4,77,0.762,145.0,0.61
G8uu3S9HupP6oPu6seEMgh8tbtByqsRgVZS4oFXey69Q,61.3,127,0.795,37.6,0.24
qKpZbAeu97Ba4sgpRqEehXD7dSwxWW59pNQkWSxsySJ,61.2,182,0.75,112.2,0.32
DY4tAwMkz6v1KrYkXZNAeyjPNubepmmUZnpPr1fLRoWe,61.2,163,0.651,104.2,0.51
BWiJ8aqkhSQx55KA4mB8KXv82ga2972tLtgpAZiuocrU,61.2,199,0.67,103.5,0.47
3VUNtVtjjx5ckUojT7UocJ5fbuAJRsNUXNfTBnPte9vC,61.1,205,0.71,432.2,0.39
777DyFhFa4Y6ijfSRW9PFqCDAZzU4snQ7v5kWByWGnex,61.1,97,0.679,334.2,0.61
9LYG75uzydYsFZFi219pdgzvxb4wECXoPHaZ7AtaBano,61.1,149,0.701,95.9,0.41
79TSX4NEmzMSfj19rCQwsq59ZRoVHCPX5ELnvkWSjxkm,61.1,159,0.769,19.2,0.28
5QQ5Xi9iyY29th4bt5q9GEA1QFSVprMDk6FRadupE7Aj,61.0,252,0.678,553.1,0.45
Af7MddXPsh5n6LjfiToWPXV3Z86XQQxRNbYksZ5Lodfm,61.0,55,0.694,264.0,0.88
9oceCxp1rsfQhzjSU5joz3TMST3SKDcQFfy6TwaR2gu8,61.0,139,0.655,185.8,0.5
81U5pyqkRG68AB8jcHuDoRSPfMmVMssaeu9yrzWScrvC,61.0,148,0.796,5.7,0.22
9pqbbqUw1Z3zVv4upx6jPKhmCaGbuXCZThhqWoTaR3cH,60.9,332,0.67,253.1,0.46
Fn22cGKVYabVVLa9LeKL7epNzdHCfAdLrbgi5kPsotzJ,60.9,48,0.74,87.8,0.84
CtBsUAjXFH3DiEu4CQb78JFCMkKbU3934yuBg97Y9MHC,60.9,252,0.78,85.4,0.25
8GSDbEhMy3LbuLnqyb1ehQr1wwX3yiMN5pL98NnEM32a,60.9,104,0.842,11.5,0.24
4iq8CKsiGC6b8nkjpC5P1pE3YfDWRbpbCbtbZKDmCiEa,60.8,122,0.682,71.6,0.43
7oirpn4A8vL2uSiF75vVy4YbMQ4MQASWEx242dQoYYy8,60.8,37,0.753,66.6,0.89
5Uzi3MVcn7Dwptstm8qkV1fAdPdhQfcwBuYQBce1bz57,60.8,176,0.781,52.2,0.24
9Q7d2g7xEDctaNXXQkRSk9KPnLKd1ogg1KEkSnuAZyFM,60.8,101,0.659,3.6,0.61
9khkRvs76cmVAfRHswogDqBwikdHDKBH2e9zXLuaYrTn,60.7,331,0.666,251.8,0.46
ADtTiXFs1qp1ZzP59GEQkn6x7GJ16VNRfmC9VdD6fKaS,60.7,60,0.701,146.1,0.82
9tid6pXgWfWE5KY6kPiYjY1B8EQrzDrq6f7FoatjW57X,60.7,196,0.748,57.3,0.3
8gCH86NLvFHtxJeuYnHLFTJteCKswbhmLF4LGe9DRvv9,60.6,70,0.69,74.9,0.77
9VVkRTn3qVyRuBFWLa3cQFS7sNkzi2YwQWnJvPYWcaRy,60.6,317,0.645,65.2,0.5
2CjaVuB8eYEMfuVCLiG2nbAyUfRab3LQLZHJEqcJWuhL,60.6,28,0.733,44.6,0.98
2BL2Gbpn52VBkYHbx7cnnZW1GEcV6f3Ejwg8TB9i1WUC,60.6,128,0.781,29.4,0.23
3UWMaBHL5jE7hGmEDSmDPWFwQK3YJ39nBRFcxdGPSN5C,60.5,83,0.71,133.5,0.63
8ChizXBGYGXFiPrYUqhVKLwskZMY92Zo9ZzMxBhYFgxf,60.5,119,0.664,72.2,0.46
9FvQzySbDqiMzXSVFNxPBb9RoqroLWi6kgCN6qTCL4LL,60.5,31,0.707,71.3,1.01
2F3KfF1Nywc8q3aenPWtUzrGip8HLg9kZk51dbbGv1sF,60.5,126,0.778,53.6,0.23
GW9XLf7RgMoE4gsxn5J3sirHKmSomY3ar8aeR8NzvrXE,60.5,230,0.631,25.9,0.52
76kQ41jRg7zCSjUH9keDr2tFGbVrQJ55rByzxhBg2Vz2,60.5,101,0.727,14.4,0.47
Hv3fPDH9bd1VNK1BjRQyjCYUK9HrXwLGfJ37mEeUJdrJ,60.5,116,0.673,13.6,0.47
WbTbjcUiiwNRHVXMxq12fs6Z5mwEiK73C8aFTpv9kSP,60.5,101,0.831,2.5,0.27
57WkTbDxxu3tC9Nhve8hQms5KBRa7MFEPSnnEeThivvX,60.4,331,0.663,251.6,0.45
4jBypFRD9aXrJTMRvzFzJhVUx94BHwC6vzg5z4hPQ7eX,60.4,80,0.672,92.3,0.72
FvroytTXQTRZXPysmqrCQYLScoZQHh2bk8QMNCnaTsCV,60.4,130,0.674,32.5,0.43
9HoahHpe6nVd2SCMkDC4QTMpRke6ZNXhkGRmLrd34HpR,60.3,35,0.83,57.3,0.73
HFReDpLX5DAK2MfWLNnmqCRJK4ump1SSwQYnn2VkMEmi,60.2,60,0.647,133.1,0.9
FRJY6nqE4FTKJtNjEx8sqHqKPV9c4qWwowvrFZvASqWd,60.2,54,0.707,125.9,0.83
63L6GJUcgepuCmQ3L8GftnRinfynCie2V6G7DV4QayAj,60.2,140,0.729,36.4,0.32
2ycurSWTPqY6wcPEboA7ZGRu2xwsZD7b7MxdA74qC3Vo,60.1,197,0.707,237.9,0.35
5h5ekqtUiJ9PcXQmuEXioZVaFPZnZUQtJ5oQxpr68VF8,60.1,435,0.767,138.8,0.24
3a9HrXvCH1CzjK9LxTvQWG9KYF2diuAKGthP3gFu3J3J,60.1,80,0.679,89.3,0.7
4qgnvMuDhCB4jQEL9Wa5isQSqvzsRkjEWB5Gtn9Ai6iY,60.1,80,0.852,45.6,0.36
HaRm6iKXfiwnRp4BnJ6um4pjWUwht8No5c19UXWc12TZ,60.1,84,0.915,41.4,0.21
DSnJr98RDGyBLSfhinq82GyqUYjQeCPtthpUr4mRFsTM,60.1,34,0.886,16.8,0.62
5Pr7D2d5WUM7j8fMF36DuzVDDGEHLtYsF7a6ezyzFG19,60.0,232,0.738,257.6,0.29
32HsZhYDuT6ki8etvXZjwjdYGqedfYww7D6Pd6yx1LjY,60.0,54,0.778,83.7,0.69
2a3eG6mGi1STXrDY1RtzXzdgxNkczWmF1HqGkeBAo8M6,60.0,174,0.785,52.4,0.2
7W8SEZv79hk4445o56Fd6RzhbUsozkzGXi8vkc7vNRr8,59.9,596,0.71,55.6,0.34
2CFAYvWyPAgtkv8ijSQLzpVqtfyYty9Wc4AZaECzWPJz,59.9,151,0.68,36.5,0.4
6HJetMbdHBuk3mLUainxAPpBpWzDgYbHGTS2TqDAUSX2,59.8,145,0.651,622.8,0.45
3wVpzKVGXcnMDPMYhuhgoNXSvyxUZgTQWt37DTVKWbsd,59.8,79,0.779,85.2,0.5
GEcF6sHyGDLrJ6NYzj2uEv2hRbSpwvLmmvm1k8A9VGhc,59.8,76,0.867,3.2,0.35
EjtQrPTbcMevStBkpnjsH23NfUCMhGHusTYsHuGVQZp2,59.7,154,0.641,283.1,0.46
FCmNJWpCH9USusuwRwWqWE8sVKJSt2xFrhvBMK5YtaDs,59.7,67,0.768,54.1,0.6
9yzDcVC569tYadQqmuNPGNNa3ZmHA6AY7tdgWnSEvDbi,59.7,282,0.705,37.6,0.34
HXRyC8steAr7viYqr92p3GaT4LQtsXqyjkicewLi3Np9,59.7,222,0.7,28.3,0.35
9953RUbggvxRjveXmHDFmP9To63anQqHEFy7Ymjn914a,59.7,144,0.747,23.5,0.26
FGB3zBg8RXhG9RT6BqfhPRtuWhwAU85NcxCdgsDJDMGD,59.7,35,0.891,16.2,0.59
BCYtCrywdgAsox5htAt7sq3mCWxwonXq82DHCofT46xk,59.7,120,0.695,12.6,0.36
58KxY1mmswzE3zk23nPamtqLvkt41cimy9U7EUoNgYfD,59.7,61,0.839,3.6,0.5
Bi4rd5FH5bYEN8scZ7wevxNZyNmKHdaBcvewdPFxYdLt,59.6,366,0.634,976.2,0.47
AtFS2W1dMWX2oBef9dJ3gSx5VKXfzqvasbY1iMWAMxGT,59.6,210,0.637,283.5,0.47
C9DYMFTTEsXDzXs5SSUv7FA8sRmXYaceTyGnzAyxAVW8,59.6,244,0.747,79.2,0.26
FyJMCivEUsMiNEEMg14eMk1ud7RZpJSVkNxJtiQg1Nab,59.6,79,0.709,78.0,0.62
tXDaJ9VLk1zgx3GLnrVLQ4kmZ3XaaYMDPVqzVibcif3,59.6,50,0.766,64.8,0.72
GS73TtCSbjhBLr9MNWeZ5A1cwowecYx3TWrdvUEYLLYu,59.6,44,0.688,54.2,0.91
3BMf9KCSuYwCKNYZDk1Nq3Lcz4nfiab2mCxqMXc6QW6R,59.6,89,0.834,32.4,0.31
CoLABCacdPmEYPtiCkEaD5kED6tj9AD46caJsPnxgcYa,59.6,149,0.729,9.2,0.29
3vqjt5HYDoaUAQHeXEMvbc869afWUv6cGMBhz1XwveFo,59.6,129,0.71,7.5,0.33
bwamJzztZsepfkteWRChggmXuiiCQvpLqPietdNfSXa,59.5,61,0.851,156.2,0.47
DEdwtjvCs6dSadA8b6EQwCP95mXebTqMDK6wh13xhdpR,59.5,262,0.65,130.7,0.44
7iGon4d6iWsT8xPLLDC2sguvuKndzkpnjECyBDxowPTc,59.5,48,0.646,39.2,0.96
262C3MHpmTybZbKfcZtyYRMoW1rKVAKDC9RQwWJ2qxWc,59.4,143,0.691,37.7,0.36
5jYnZtj6NmEbuVnuiuJN32hd1BFrzawWiXS2XAwLKRmq,59.4,169,0.682,15.3,0.37
FN8a9ojy1tTGMnmr26V4fuLkpGNLwLSYuUctFoxiQq6o,59.3,128,0.681,85.9,0.37
61693GDxzBDgr8y5gssTKNoHu28PFN5BvHE2psNN2d7w,59.3,239,0.747,85.5,0.24
JBV41vYBL2b8HuBmNcCnpRoBfrLDJrUFViQFPJ2vZrWd,59.2,50,0.775,130.9,0.69
FFiWNJX28uBJAaR6bmUq2Qkbdm1fgoEZaChAXZHghseb,59.2,142,0.704,48.9,0.32
BFAi7zGyM3QdohMmWPmuf3s2HAe1FzGQWMxnEJbNfaVU,59.2,45,0.825,27.3,0.63
GQiyr21J5Qk7j3iudz52h1M6jjtX3Qne7QPLwrJK1eFh,59.2,130,0.765,21.0,0.21
4gLD8PqvpvH3cFvXd6hwZw13pqLGWQSjfPBjdsoZckyR,59.2,34,0.671,3.0,1.0
n9usCMCvv47wACVxUZkLFwcxmYf13Yb3SJXFxEcF9rc,59.1,142,0.652,62.3,0.42
CpCBGRcPSyutkH2x1RVRsPBRKziaZ8xys54PVDdVfoWo,59.1,123,0.691,15.3,0.34
EL5dM5HmLWQbPxV1A4NzW3jLzaumPHpByxKnso3swD1a,59.1,32,0.636,15.1,1.08
DvVVyomtBLmpjBur4vokKCLW8owGrKgiCNj63WG1ueaq,59.1,179,0.723,2.2,0.28
AcWaMe4BGcbJZ1THcokeeqsdpoL1JaCozSb3CadVa3qz,59.1,66,0.834,0.0,0.45
HMEeV8X5hobyeSDjsBSSAYq85sTN83qeX2wfB9bE4RWi,59.0,180,0.693,83.6,0.34
9N6EjGajgTSpbjwhCb9LKg5JsAkBw8qkqBhaxdqP6DBL,59.0,40,0.75,71.8,0.8
ADkquSiH1zS6LmGoJxzwE6x44gpE6S3KWLALqNc3sTDs,58.9,394,0.729,35.3,0.26
BEYHSLCU1SzcJrbUprXRy9bDZGGFuZmrbUtA6FwkJTuS,58.9,89,0.819,33.7,0.31
D8wcVkkz3kRaDXYt2AFeESeq2xDv2FUCYGa9pUJz2NoB,58.9,108,0.635,5.8,0.53
DbF5DojVT7BcqPAatxC6AbPrAuPY8F6qeB5zBELLsgKE,58.8,26,0.73,66.2,0.93
GpWzQoGQRY5Lcb4NTeZvb2HjCcG5y8Wy46TBejzZu18g,58.8,562,0.74,64.7,0.23
2mtUno6hv7U5yhtuwmGm1DAxeVAkmjCv9gFWUfmtHe8v,58.8,138,0.755,31.1,0.21
8v4Cz7QsQoBXpA4pwkzYB8KWcap1Wu2YfaMXRnn2xwLi,58.7,55,0.889,106.8,0.41
GRYcjRY9epDCnHoH36H5aDPmF985GjCqPbtZA8zdVEB4,58.7,54,0.89,46.2,0.41
4iMeL9f4CpeLXz8S7j1ATwSACNDciVecokwt9rX5wLo7,58.7,42,0.852,21.6,0.57
GnPpMBbg981i7H7HbTBT3zaHRKEN7a9795JHwmSDs6Ui,58.7,93,0.744,2.2,0.42
7QpqwbZFnMm3MW9YAxqKnCnMPg6Vuhk4Kr5Peotee8aT,58.6,73,0.89,58.2,0.27
2Y5UatxnQWGv6URdieEZxwCi2uNE2khoqRU8ZeMyZvyh,58.6,78,0.729,43.4,0.55
C5EMTGGE87SqLyuvhShLDMj2jUBwqBLJAZF6ybK8Jyqw,58.6,128,0.707,17.7,0.29
BNqfkxRXdkH1EeM6ZiWtgcySKfxcBL58ENDo9KDZWYB,58.6,99,0.806,10.3,0.25
8BWGt7xNgdaSRrtkENz8zemX62VC71vJm5bi886gcpnx,58.6,181,0.707,5.6,0.29
DYepC7YoUMWmgT6Mzm5RQQbbUADoSrYBApQtZ7zDujib,58.5,108,0.742,17.0,0.31
4wG1d7aS9oYpA2ydwJCxvTn6i4cexshyJmHh3myqeW5h,58.5,37,0.763,0.0,0.77
DGXY2JjP6oExuaoUM9691gdz87xNTBHfv97D3Mzb39eS,58.3,51,0.805,53.0,0.58
6MZ3QbsicNCkhoNp99Parcr9sitFHxMftZH2U5eoxTo3,58.3,89,0.804,33.0,0.31
4hEDRBXSMbrV3tNCc1CyfxbYUYyptkqFj3eP4f6PF8Gs,58.2,36,0.689,47.4,0.91
DebZcLrzTpcfwZ89W8UBEN2eBYmsLqkxfGJFKcu5UzyS,58.2,120,0.691,23.6,0.3
25m1R2U1LK672XTrvGDHUVdNt4jzkvzW45q8558dN6FH,58.2,30,0.931,6.5,0.48
4crpAYFUmGJqNMqfhVKDsMBhSXr2PSMwCUQRmFfy7naL,58.1,211,0.636,252.1,0.41
24atZ9mr7A4HFoxJ5sqEyGrhKftg6MNe7yuKk5TBo3pc,58.1,99,0.646,103.7,0.54
2o9UsXTRWZTfPt2mgTpUM5NcTCMKHsgox4nFdwTVdfks,58.0,51,0.78,59.4,0.62
6GFP22aDzB5QBmxhxYwrRsR7BuQywx5wvvAfVXEv5vtf,58.0,143,0.615,53.7,0.44
AS6akYpZQydPnhrphuEkzAajBLYmkByHcKcMuLHfbEg8,58.0,144,0.721,34.9,0.24
5xbfNEmJoXgp3WnmzzfQgtziSyGirTkNCq4X3wpVbBcD,57.9,121,0.695,42.5,0.28
77M2QQF5Kt5CJr5WGL3SYMEukYf3i2STLb8g6Mfy4yb8,57.9,121,0.711,24.3,0.25
BMTc1CDg67cQrbV14uc99whNb1ThqZBaNg4RpsgjAZ4C,57.9,147,0.632,19.5,0.41
EzWeTVnji1c5oh5DenSbcSELyETb3iXHGr62wao5Vguw,57.9,64,0.792,4.7,0.5
CfkaAru9ArJ2tAStYHvbAyRBJL3EhDzsWYV2KYg9shxB,57.8,176,0.672,100.5,0.32
FByYKwwoPPFiFHRiccE5CmyAkXybUWfKdPoXxLpMUHF2,57.8,37,0.692,18.5,0.88
4BdKaxN8G6ka4GYtQQWk4G4dZRUTX2vQH9GcXdBREFUk,57.7,77,0.637,295.8,0.69
2BceynDKAYRoZxKL1LYUALJ2pVsDJB65MD3EJcWG916d,57.7,207,0.69,116.0,0.28
ZeuNH5E4HCB7D7PK25egaoLHrEFfdtzBxYF5mat6t1y,57.7,48,0.713,64.8,0.75
A3Mpq82gqcqVwgwEEQArApaDvXQBPVeuL27EefYHGhrK,57.7,79,0.804,60.6,0.36
7H7qVMZT87q8DdfJqRAMLceSMauZv9oNjno6zmGevRMY,57.7,40,0.897,14.8,0.46
DjBRNMDNU7ApvkW5Qux9xAkcREKAPwoifEGCBtknybHd,57.6,43,0.646,77.7,0.91
579Xcu7US31E1DDVyiEVJH5BWdQjP7irh9YivAmgccHf,57.6,53,0.809,27.8,0.53
pekN74koZ15b48R8Kj3N9disT3XjaceT3HjfnUfgmwE,57.6,131,0.718,11.9,0.23
iPUp3qkm39ycMGbywWFMUyvaDhiiPGXeWXaDtmHNe6C,57.5,222,0.601,758.6,0.45
36gyhadZPC4mbxkVpBP9NRQUhRV8BvmtdZcRFZnqfwWP,57.5,152,0.625,85.6,0.4
DGma4Uxm9JS6yLNdgYaxsZhwk2nxrRGMfMt5buXbiFCm,57.5,115,0.722,48.8,0.25
GGcbVWsAQm4KcJrRpgt1oZtFfY2a4mhYFe72VxkFrRt8,57.5,42,0.859,21.7,0.51
6GaCHTdBV6P92YMQJ8Kk6RYaeAQLRfDmTnvqhuf3p4kD,57.5,237,0.691,7.5,0.28
7MRTsGTp8kmuEWVSuVm9ypcUvd2RDi2gqu3Uuiz2TvF6,57.5,159,0.688,0.1,0.28
kqVRrMSfaWYS7b9Q4SnNq55b2W2VBPJUjZ2sQqppUvr,57.4,158,0.66,69.8,0.33
FRtBJDK1pUiAVj36UQesKj9CtRjkJwtfFdJq7GnCEUCH,57.4,93,0.739,54.8,0.37
EML7qcuojsjKWVuUrhWYGDtHLv8wnuj4EfpMqnN87zB8,57.3,69,0.665,42.0,0.68
jCBdzqdfXsHBM2VYNELyhj4VGSfXyhtwaAgrY6AmvgE,57.2,174,0.635,90.5,0.37
4R1F9sKeb3ri94rRLDBfc7V532udumzzHxD2rNmvyEe6,57.2,156,0.723,49.4,0.2
4LJFfiJNe4F7poKhHHuKQcmccHbJxXFXFnQHg9y91Tab,57.2,105,0.771,11.8,0.21
7x6AHogMm2SYoYmJwiRm691ro3eWTQoVz4taHK6Q19AR,57.1,168,0.656,285.7,0.33
FmPQr2vAyHhRVvC3K51Ljp14jCmV94TdYsLA1vgYpGzm,57.1,194,0.669,63.9,0.3
DsGJkPzFEQZuwy7JjZzPcJEyEfdC6StV7rarXG4ftRSA,57.1,101,0.725,3.4,0.33
8aaRWuPGNP1qoBk7jE9ZRMaUhNnCn1cujjUkv6KoEzVL,57.0,558,0.713,34.1,0.21
J7aXd6wiJ7tpYXnTkS3Ryrk5SX31KzumaXxuD8MG4Bpx,57.0,46,0.817,26.9,0.54
GZcqwMMTMdeNze6yvb91XEvsPXgK1LvNbaPjHMJkLjQW,57.0,95,0.763,9.6,0.29
7bsTkeWcSPG6nzsbXucxV89YUULoSExNJdX2WqfLHwZ4,56.9,91,0.678,323.2,0.48
GNr8d4mYvxTSR48JZNPaTqjUB2Wb3Hp7MPpYy11AX8hS,56.9,432,0.688,68.7,0.26
CNMsr9Sz5Mim86dgo5kAjwvFL6mp8xPYHu1UxJNeBNWP,56.9,29,0.732,28.6,0.82
66a3hS7o5mKvtPUmQkR4ApKfoaWHnKEBMmvNdPezxdfE,56.9,60,0.746,6.1,0.57
5KqvqkDu4P4SS1s5XtZj1u99negSzYihqcPHjVjX6ve5,56.9,204,0.677,4.7,0.28
BiwwCrjpdFQDRq64GUJskVeNmPhwErWKN3TVr3KHfM7S,56.8,55,0.85,111.2,0.4
GnqguTwbdpyirLNMRiYDB5MpMF9gARgYy5JuiQLETnbq,56.8,150,0.702,51.0,0.22
2un1m91i78ZHPLjR4UwwaEzQz5jsehq9p3t8EZZZZZZZ,56.8,397,0.662,5.0,0.3
EvGpkcSBfhp5K9SNP48wVtfNXdKYRBiK3kvMkB66kU3Q,56.7,101,0.673,198.1,0.41
4ctbRZd5yjC5UYfKgj3dC2f1pqwtpYTS496MjnLQZ1qS,56.7,77,0.606,101.8,0.71
FhZmTCs7enzPDN1RpgJPUcZPfX6FKJ9uqj7ch2jtggGW,56.6,232,0.69,209.0,0.24
5st7H8QtPEVfovSwLmdJDjbUAQivVZJGzbHCir6dZxGc,56.6,203,0.653,150.0,0.31
AWScLix3LSdNtRvwnkWcHpMnSwXRq4QonCHSK7izyKeD,56.6,83,0.655,139.9,0.57
HJanh4pRroez2icDzkNdnF889wMUYDMvKPaR8FmFsnSk,56.6,49,0.728,118.2,0.67
H1pe3KDTzap2BAuM3onjZHTM8pGbegtDuKdpZn1ePzvt,56.6,159,0.648,69.5,0.32
4n4okfassXvAMWCpZpTDY3tot4Ys2oB7gnAfGdNXQieS,56.6,135,0.69,55.6,0.24
12yegC4pmbKbByAzjoyH1u3xQfN6bUgGPv4hj9TYGtD3,56.6,428,0.667,46.7,0.28
FhPn1pP5oSAAtE965HjLabwYMADr59KBiz27D1FuoTfK,56.6,93,0.753,38.2,0.31
9CcHU3rPWc6bA97AHNaS3Dszk1rKAGBcgEkuyD6QVGsh,56.6,150,0.66,0.1,0.3
BCnqsPEtA1TkgednYEebRpkmwFRJDCjMQcKZMMtEdArc,56.5,34,0.681,60.8,0.87
8yziUrT6xCgE8cKSByF4zjdYnuLTkMHTotcHaCZka5DU,56.5,91,0.747,40.3,0.33
BHBFuHsPFy8tyDMZVaepcjHcQzxMyC3ZsJSnCSvGfhEa,56.5,56,0.852,18.7,0.38
8hQBGkUzxJHeJTxr6iVYheZqGpooNm49vCF3CKprYYZu,56.5,120,0.665,3.4,0.28
64BKevGHFgkrrJp1RW9hkSLPD9FWtZBSCrXFXTHzR2MH,56.5,104,0.709,0.3,0.31
FtTWnrFen7fPCLj3KYVYnfJpthjpeye1hyaQRSJFt8pU,56.4,165,0.637,139.1,0.33
7b6UxPg3TKwQGN9JeFzRuRs93ushNxfF68KoWE4SwKfm,56.4,161,0.679,128.6,0.25
3S4HvgLnprrdHEfLDWDrYCsohSpeggAe31HkERqmG6hp,56.4,128,0.663,63.3,0.28
BS5ZZpkieC2N8MJhSDuydRWmvX654F3cEMboz4JkJum7,56.4,91,0.798,10.1,0.23
9q4p3rGdpaQ92YU7hGaT74ZKgP9hjy1rFVDdamzSfuox,56.4,70,0.651,10.0,0.66
Cisez8PJ2nBELmTVuxUaNYbeo9dHdYYNnFWy7iRuPTqq,56.4,55,0.835,0.5,0.42
9bqx8GEcwuw4r3WzhWnJx8fpjt7aXdvVZhWE56bzWBoK,56.3,44,0.729,58.3,0.69
3hpHYrjEyxoSzYTbxXDMprc8GHxTKwtGo5HwNdXFBzDh,56.2,284,0.615,201.6,0.36
6abTpionfdvkiQAXQf9gLdpkXU57NeCZ2Dnwb5GSmMsX,56.2,62,0.764,35.4,0.49
HdzM4i8iySA3qJb8KiN2xcch7MnGtN7ga8dEGmy2cuwH,56.2,126,0.698,28.8,0.21
DeACsPTgJT2dagNsUkTuhVG2ZW1DtmPJt4E1BwhWNxc1,56.2,83,0.604,19.0,0.65
DqhDuYbRfLoiyMZJdqEKXAA5yaUPwUGHzdD3L8K4btSL,56.2,120,0.696,18.2,0.21
36ruosrN41ULms8TuJZx6JY7HjdU2pDHoYVoUX2nVt4d,56.2,47,0.926,9.4,0.29
CRe8B9xFxw4VAjddnH6p4HfKpdQj1Wageyv9AcP1J39K,56.2,103,0.696,0.8,0.33
7bWimGRToZRULUjo4iynrwGRUgdmLsCWZTGh3JvxEGdj,56.1,296,0.601,218.1,0.39
634W5kisfp8eRwbFQ5pN4d9MzPms8MbzixMZJpFbWVe8,56.1,181,0.671,167.6,0.26
kBdpGYxD3V8JKe2LvkykbvXfvQvpszyaSS1mzXrFk5B,56.1,115,0.609,137.0,0.41
CjqTJsm2qyMinWbmgh5QipaezVXdoKMyzbyZdURkNuTn,56.1,43,0.696,31.6,0.76
6DRnw2s1Huo2MnRYticVRci5aJ8dkVykSx2hREbeDJBy,56.1,73,0.804,21.9,0.33
GUorX1qCqqNXb6feCp3ZPKC8KkDxc9gH7Ho3ZqDFGX8v,56.1,287,0.674,9.3,0.25
8iwJFTBRgfJS8Z5Gp1iL9xiwjDLUNkqmnzqvyuLS15ub,56.0,206,0.638,154.0,0.31
2RjnQgvAhbEAWkJFZ9xESBjPVcUqgmdsdxXAq8bQDJeM,56.0,291,0.675,64.9,0.24
CDmFtQfpLgbeUzD34wtMVHtpF5bPt4FCs7xFCqh2KnAf,56.0,41,0.798,43.0,0.57
EVy1Tpe5AQCLEJwfRCm1rHs7PY2sGuvc57dnqibqtMZh,56.0,33,0.906,3.1,0.42
6mAHkEZ8iPcPQyXvEF73GeFbXVg6WDqrNe2u1bVsYUUP,55.9,470,0.608,324.7,0.37
DcRXXBtifMsTTwtqzMcAZWfoLfsBMgyJqPDG4i86NN52,55.9,471,0.609,261.1,0.37
99xnE2zEFi8YhmKDaikc1EvH6ELTQJppnqUwMzmpLXrs,55.9,130,0.633,212.4,0.32
Efij8SJjG2ByPr6vKbykWu6A9HwRNdsBjqqLiNCxqaJr,55.9,55,0.861,94.6,0.34
4ESzFZUWUdr2GsgHBVeQKuzAmBWS5sRSaXw6PZH2EAau,55.9,179,0.683,64.2,0.22
jiGWK5GpuJ8XKx4Y9iNR1JevWV7HAL2YYXbYsGjJrmU,55.9,58,0.826,46.6,0.39
6GGytYh7paCtSpHbNQEhEsLxydpzam7SjPJHwxFvU332,55.8,149,0.69,77.0,0.2
H3n5JUhCL2kBmYV5ve4VLjZMcN6WKDuASxHATs5PYeUq,55.8,82,0.799,6.7,0.26
2DBdpvnEEPnMnF9FeNJDguKsKbfTNF2dse7FeHhYseCP,55.7,54,0.848,108.8,0.37
F5SwwVK9g5qzMGyeR55WC1aTuD9rmf3QPK6G6FP6xcXg,55.7,44,0.811,36.6,0.51
BUsZNTgmkeiqibgZBb4nFoqZJosiTgqdpMEqDDVK6xpr,55.7,45,0.687,13.1,0.74
GUDP1dP2C4S3M6dYrSXMFPumWg1Gt1s1N1FqAThsiXWZ,55.6,351,0.655,116.1,0.26
7a4XEWA6utPnJSrBBMPkSVVaNTcWhkheocX2koBz85Fc,55.6,261,0.612,40.3,0.35
BphfhLUeTZAfDdDzzJjuYGPKXvjcrR5DNYuKzCPSQPYA,55.6,64,0.753,24.0,0.47
3TB4EwTwSrkWgjubYYbd6JNmVcTSJ44EgMMwKm8HZABQ,55.6,103,0.741,11.0,0.22
CUAJaXr13bnyYNuDk9N5RjPUQPceZqvXbyW5GXUs27Y3,55.6,85,0.77,1.0,0.29
2qW5LsgAGnCnyfVvzhwBQBfLsQ6hz3o2uaB29U3CSHBy,55.5,103,0.68,235.0,0.33
7bHSvUeeWiqsoJcXg8iNfnE5RSMJqghHZq2dJuW8kiSC,55.5,107,0.693,72.5,0.28
5jjc6SmMdGmepm474KJFgWdp6XPkoRXrU4bQ14BD5v9z,55.5,152,0.634,66.6,0.3
7z6pcVMTeFSAc8NGhNm7HcwY1f8jG5GhTwNktkjRAGE,55.4,60,0.778,51.1,0.45
Bv2BAw5UmKxv5SBMWYKqpsh6eXKNGM2RKxJGpGPk5vmb,55.4,65,0.837,36.0,0.29
BXAV9eawLMVuDp2x4AzewAAzUJ8G5H9CYhZY2xrRR1Dd,55.4,37,0.783,21.2,0.6
AADSwixnMV6v237bv9TiLaSrqNEobQxKjwNDWxiBtjp7,55.4,123,0.668,17.3,0.23
7ZdBRYSb6xDVKfmTwttcCj9G2QmemS8TWhPAoJkZinq5,55.4,35,0.726,16.9,0.73
7712QHmAYy31uvrRUCDBBaHAhMnCnJY5Q2zJ562GHm4P,55.3,48,0.764,50.6,0.55
3AbTZfWrZcqghkSUkQ3wnERnZS6KC4SfEAWdy5BA8ffp,55.3,159,0.639,25.2,0.28
8mB4yQi3RrnB1cEwUVCjabTCwa41GcehpDvJ9J7s87f9,55.3,115,0.652,14.8,0.29
77JWRtHa2S2J765DDsvhgu889zhJjrkwf9JV1Gkk1CR5,55.3,190,0.61,6.0,0.34
ayqDNs3eCLSpT5vX2TrNEtzGfktzeT3vJTZieSzyecT,55.3,30,0.792,3.3,0.63
9hUPXYKY28sPfBHciwVJDaT33uFqgPzHvwViFkW9EAcm,55.2,73,0.782,70.8,0.34
3usGNZ9EBmVFmA15DgTWvmFuBTPEic8Mvo76gp5pDLum,55.2,115,0.677,18.0,0.24
7WpUUSnZ9BkfLv5XJ2CHVU4uuPrnxC9tH5tDP8gbSxRF,55.1,191,0.62,411.0,0.31
6FWhUybWmnjsQ933v2r6o7bhEG5yH9g9XsV7NVWKj5EW,55.1,192,0.642,177.4,0.26
2Zfud6rXjmXwF4DdEmjNHPLpuBzr1Gb96YD6RtdZSYYh,55.1,76,0.684,52.0,0.5
DdY5cSGEHBuHQinikpBcsVV1x38KGT2xhGSDB4DTKqtR,55.1,123,0.657,16.2,0.24
FDggNtP4oMJGb7ZmG2VkG7gh4UJLSnAX8c1jfvueDWDY,55.1,75,0.719,2.1,0.44
BR1fyh4GcYunLHmL7WkwTuZgcujNVXpjFG1eLCc8uNaz,55.1,167,0.649,0.8,0.26
56JzAf7QGttcFCuwbgnawbiHEzUmU6aUSDT1gWFhbfsg,55.0,198,0.634,292.2,0.28
6XEqkk15Auk492DZts2cvsCnJzhBtFCPHJ4X2iXKJh94,55.0,55,0.8,118.1,0.42
FCLGrDBwbJAHAiwuAWo9jSWEjzdpwuBzvTrpPTXqjgFH,55.0,110,0.657,46.2,0.3
FikqPSegrMUKqGjfNJuJxyqURurkhaF5dKUhPJB96hpn,55.0,38,0.852,21.1,0.44
26ALqd5aUwbm3zxcuBtvegay9wWp74MLnTAuNRe7RrVq,55.0,37,0.756,17.0,0.64
CHtt4CqX9LAN7MeUSXPSrwaSpxPJ89Pmw1KPh2RSCuZG,55.0,359,0.607,2.8,0.33
G8fnwWvrPqy9Fjw8VCcMxzbngHoCucM3LYaYuFHdZtU3,54.9,107,0.692,176.7,0.25
2W8eoT4eptyprF5WPRZuiuavyF3Dzvo7Uh4CMYyFCN9b,54.9,80,0.627,119.9,0.57
3bjUVy8jXvZ2QVxGxFzDeHrhh1rC7NNgBRLRQjeXG3fF,54.9,55,0.8,111.3,0.42
4EbuuKzyLkbpQUU1G7pYd7ATCk82n2zVLcbLfLmgq3fW,54.9,55,0.85,82.7,0.32
Ad8YGs4QWV3PfjtvTVgTKfxa2JhEtgRPESqi9XBaQHMF,54.9,119,0.634,74.9,0.28
7YDyX4KkPVW4mEaUZCwfabr2FQptnbmTMJX9JTAF5y1D,54.9,125,0.647,61.5,0.25
2YJJtGtB26NQ15E87LHdj33gukZTiBHLpd8oUpsXWVc9,54.9,46,0.71,46.5,0.65
Bs1i6SgnpAhxEQNQ6quAbMrAxTaDHXS6A8KMwbconiCo,54.9,50,0.82,25.7,0.42
35caaJFwzSNaFwFmP1f33wDP9cUFEXTLDsFnjna7kAjs,54.9,320,0.648,14.8,0.25
GFbSo9mukzRXhueFvdZ3F34AGQWRPjyXpqKToTqkTikJ,54.9,54,0.916,8.6,0.2
8pdLwsPATC5mdrmEsJ1UDAN5ndioYKPTCpwpvZ7ec61i,54.9,65,0.753,0.3,0.44
2DcYQBjFps6F7sY4gJgsVzuzM7VSrUnC7JQS6dWcaU35,54.8,239,0.661,206.0,0.21
8JmBAREqGv7g3N8PQLJ1hLEUE4VTtiDFi5XqL8gyPHfz,54.8,66,0.667,124.2,0.59
816vNWE8JqWeASP5UU8WEht8hJjCVqZZx521SJeBe2XU,54.8,50,0.733,42.2,0.58
BiPhbk4ezJpv76znUkQgsEr8JvDNczQjGfg9ykXL43QL,54.8,45,0.681,28.2,0.71
BMjETmauhBPeArAkA498ws1e1MJCQosU7boKfm6x5uah,54.7,119,0.641,84.7,0.26
5zTPYkqj5FgpWcEcXFL6SdduT7gxRh32vESJZqCRDTf,54.7,44,0.793,36.9,0.5
GmxkTyBGCmoB8dGYjSAqgXAX8DYRibyW4N1tUM531Uq1,54.7,69,0.703,6.4,0.49
GsPQaUZicUdSzD3JDTLbf29Xtn9CcyFKSWqAiWwTmF2s,54.7,59,0.858,1.8,0.27
CXN5JecWrL4XNHiqH5czjCcCMXcRgaCzc268yzh8C4Up,54.7,101,0.702,0.3,0.27
365ox2yoGYXQfzubohqCgzhg2MrG5PKxBRi4p9gpNQGi,54.6,101,0.675,51.2,0.32
73TG73su3THmE5kyBpZiMY9pjBoAEDHWzVRdvHmBabbA,54.6,67,0.821,22.4,0.28
4crY5qte19hpPxccxV7Yw8A67j2MJE4QFpRJ7341qQ91,54.6,59,0.745,2.1,0.48
HaZg1RrXtQatSYEK9SgQob6cWVJDoV8ZUFzSYeYg73WJ,54.5,98,0.633,158.3,0.41
2eCVTLC1Aib3HDcZnKK41Jz1zQ5EJtZst5aiJ1cLSbWk,54.5,66,0.668,120.5,0.58
E7T6oyDycE2ZJ6sYA5MAVgitnzbt2LBJhMQCfmijhDEd,54.5,148,0.659,81.6,0.21
DXPDS1zcvX7arpFGg3JrNE8aeDNBu7mWCQEPMN4D7pei,54.5,68,0.647,72.7,0.6
4BHBSZA96XCaepYLvmteV6wLqKTqJPyfkME941X5PqHP,54.5,36,0.848,48.7,0.44
D5hyE38SExxBEmvMGXw722v6TsweHYGoxn7tyYFi9jR6,54.5,63,0.654,39.3,0.62
7H9XfK427jrzVjaCpqVtAHBxBLpEL3m5YuXQnNXw2CFc,54.5,72,0.754,24.1,0.37
KGYWF8zASU6jDdyVvL2eXhbEBXPM4q3CMbFWRTLQT46,54.5,30,0.778,23.5,0.62
3qF9fnBYPox9Em3RHG4jiJqDYX2TYtehQgUaJYkvtPaT,54.5,61,0.814,10.1,0.33
5A5uE73rZzLY6jVkvywwyuJ6x6yEouBCrK3mcFjL3Ljs,54.5,70,0.762,0.0,0.37
4NGX3sD6PQJLwPCSHdLTACFzLRqR1JhpUEtjpsmCAwGn,54.4,332,0.629,160.6,0.26
GkbCG9BGtjoupjo26co2xFTssrhC5yvE2VB7tEqpMuPR,54.4,28,0.708,125.1,0.76
BBiVzFGfpZteVQWq96SVfsTBepnTfCnJuJzs3mirUucx,54.4,29,0.892,67.6,0.41
E65ooNPgq7k2VsAs8dr4HcnoSxhz4ifws9ncszMBhDYT,54.4,51,0.722,61.0,0.57
5ZHgoGXe5gpEeZAAaBMQtk7EH8GUrjxkQVkUK4Y967k4,54.4,116,0.636,13.5,0.28
7qaQFEd4xDW7u1E8ZozoKKWCRARmbqh9MCY4s1mUcDWw,54.4,105,0.7,9.8,0.23
7CNBZwJBrUgeoN15kydjr4WHbNsCvVjAb9Q4P1Kz4Uor,54.3,107,0.631,70.5,0.34
a2NSSSdGw6ehdakk13GHUtTexiwUD63sfUJLNrUPdp7,54.3,81,0.622,51.0,0.55
8FVshk1jLiUhQvsowc4tqh15gVE4HDTAUspcaSTswBnf,54.3,57,0.661,34.8,0.65
8y41onZx2Z1p5MpV9s5XQQLbC4ScLSU1KHEsiGgTjGep,54.3,38,0.769,4.7,0.57
84B74BJCbDqBGb35MT5NcQwnPa9ch7qt9tdYFdrWp2im,54.3,80,0.703,4.4,0.4
75SeDT9h24LsfqabUmqvBUGgzHo2HpgsFuQx6dRyee1W,54.2,76,0.686,94.2,0.46
55mMJZbAgBNXhtexmCBsXSaSD9SPCMXn9ey2gKgsipYm,54.2,94,0.669,90.9,0.36
J2BA2Nkf9XYVpCUVJio7aaL4vCzxthzGYhFTxsAsDaUy,54.2,59,0.765,25.2,0.43
ErKys3rAPpGeWdgUNF7HpxGEjRP4DGsSs5nxtifjPRrn,54.2,216,0.655,6.7,0.2
D6kGjrt6y8myyncjD2sUzNehDsL6gbLKmfcP5jd35P1r,54.1,482,0.617,253.9,0.27
9ka4JNe8ExUzfbLhhizUvw6p2FVdppezjmPMcKjbMiMz,54.1,52,0.632,52.3,0.73
77772FYCSwHEeXLFi4gvr9b8gAY9LAocsC4JZnUhps24,54.1,54,0.637,41.6,0.7
8LYot1iEDnMiZzEG5ynhifMwQxu8LaMCSoKhiCsjAW1F,54.1,44,0.828,30.7,0.41
HKvXQeVXvWvDmcwe17R89mD29S3xk4ezZCdV2CNj1hnU,54.1,298,0.629,19.4,0.25
AxY4vvnAFG9kHM6vjLM5Yu6enUESL3dUMPLS6AmYidWc,54.1,118,0.654,6.9,0.21
GhsmzKxdyLizq3EeQqaxNSzWXtuu3xot1YACwhdbLFtP,54.1,27,0.77,5.0,0.64
85ezQg7ZkS86rUVPfnXpxfextL4AA7x672bN5X8t9Cvd,54.1,55,0.884,0.3,0.22
FXwAGQfJjM87Vt6sYmELT8CuB5SxpSVE3QH295Nfxf53,54.0,55,0.8,105.3,0.38
Dn2GsPEpq1XpjbTfzcaH6v84LcoNsNy2KWh8igd4zMpJ,54.0,25,0.74,42.1,0.71
5fLXLj4vkhBG4Sj8Zw9P2vCfafJm2m3jEV1TsjpQtfmD,54.0,53,0.796,26.7,0.4
AWYADd1AreisBEHehH8SWCwdTi39ZenUc8wjfPXDNfyG,54.0,56,0.696,6.4,0.57
C5tWPbnLRCd6ia5B3ra2i8AznMJUw1WXfoesy2g9DGvB,54.0,64,0.665,5.9,0.58
Apmd5v87mXtnZWRssm2gXXKWGR93BajCmJAcZaouU7JV,53.9,55,0.828,87.7,0.32
C5YkqPGbDaF7HGNAGd1t3j7E87WuqyPcqgpA7SXFEJkq,53.9,316,0.613,36.4,0.27
Hizm5RqiLwx7EeXXYEQ8tp25ZHZZDbPXChSj1qskVUi8,53.8,329,0.619,157.2,0.26
6GQ7nXTCB2W5sJuKjtRt9mHwAqyWSr6UropsDa9gBuA7,53.8,48,0.739,51.4,0.54
FjJiYpUcEYZ3XHWQD2Q9atydmuFhZRQwC3wZQxfRLgAf,53.8,126,0.643,48.9,0.21
6FbdG7JWV8owt5gdDe7mswSCZUqF5axyp4VryW3q825j,53.8,107,0.664,20.4,0.26
9wKdPY75RirR3pWhef23ENTC8nqfKY3Gukh6U6kzbLVP,53.8,67,0.664,12.2,0.55
CfXvb9zpSCVN7NXRugbPnhxqMm67F5RcA6jaKh9feQEv,53.8,99,0.653,4.0,0.34
6MqCS36xYiJUQTT5Aaeytg3FgJgYAnTnLCNSqEZm2kZA,53.7,159,0.613,150.6,0.26
7nnpAvQER17DxHNKPAg7ptZK2xfBLFLk2fJFU8PeDoG7,53.7,134,0.609,44.4,0.27
B9JN5Ndxdc68Nvbnu23bKmESQjNW2jQdetzeG2knJg9,53.7,71,0.789,24.3,0.27
DRJBox2NWscEPCkngCgAT9VN8edXMnHxGsnTLt9PwVQi,53.6,112,0.616,51.9,0.31
DUExPMAZXn8JHJYQwsMZb67JJFtnDpXScRiWqjiPuX1g,53.6,51,0.731,51.7,0.52
BhgUyrBS35wjKAZfaHC9rZGsrMW1SnuxFpoYNXJtzitr,53.6,148,0.625,43.7,0.23
5W2NYKRJP7RYUVKnxWyfonQ6wCcXVG7q4Cfg6nkDEcG,53.6,115,0.644,36.6,0.24
B726qQfiDj5rbUAgz1qGsdVaMuiuYTwch8vVnp7CgGfF,53.6,62,0.658,31.8,0.58
5yzcoiJauWeKr6eMQxi8bHUdRgNVDtJCiUWaPNWJbhaC,53.6,81,0.738,28.5,0.3
KPEF3xjDBQjdbt32n91KsEQWoL6QQRwN6sWtxdikDJR,53.6,297,0.615,20.1,0.25
6j7BnEVqBZqTwUWscdM8FYR62fFDs3rbYxiwNVvENLMp,53.6,70,0.799,4.2,0.26
HKcsAKGpxnFxz7DGkNYP4X7M34kqj6sSwQoygh4djC98,53.5,129,0.623,94.9,0.23
AYXW3wur6D9qs2x1sBZ4DvRfMeSdDDG4fhzEbW13mPcM,53.5,76,0.689,56.0,0.42
2H8Y5sgMM7937Md8PPY9oENx3cPfb676Znf4zDhWAt67,53.5,268,0.624,48.1,0.23
pNefLZQ8DTRz5G2SvF7hELfeuKhkXoGH5Xo7o22AzfP,53.5,33,0.795,21.2,0.52
AS58skWM76x5UxXhedzkj2vBY2KGeSDMSypGbu5GHzb2,53.5,28,0.771,16.1,0.61
3NuoZXwX2cZFP9DjqkjPPe8yAzE9zVLt85UxGzMEWDUh,53.5,38,0.825,3.7,0.43
EqymVP8KbeByHFiMWb1hfikoSHKxLrz6AsdWH4L17Jp5,53.4,91,0.616,164.6,0.45
5eXZEVF4DAdctPeE8xpZS1p9CarmAgWcRYDBSoYRzeb4,53.4,141,0.616,51.5,0.24
HexERC6SZxemMtFwwhAjac1WzhDxb3SVttpoTS7qcZvo,53.4,41,0.702,45.6,0.64
HDpkMi3qYSmVBAHZA7TyW5PDPm36dJzgwVNLFcoczF2p,53.4,295,0.613,18.5,0.25
9FyvwVKVjZxMNJPwdfxTRKU1Y43RAjyvJ3PciSMu6Pba,53.4,74,0.675,5.5,0.46
3q5WNbuYvpQuRV6B7eR9hUpaSgFHZsF2FnTMqqBFjVwj,53.4,101,0.703,1.1,0.21
915QkqKYT42DnfTHhDpyaxoCN88o1F5XCaKMQ2hMUwbz,53.3,55,0.839,85.0,0.28
Ebka4Qi5uLkoAUenP46LzF1JPvj2iB317Ww6LsP2nWuP,53.3,67,0.676,55.6,0.5
9jCbN9waHXFHiAv8kibqXh2J2VnGp7nSw83cyx2wpvcj,53.3,44,0.614,11.0,0.79
CdHueyD8NrLDYQtayAeAvFJTCWmmBsgCV3dmgqxDS6mP,53.2,319,0.61,51.2,0.25
Co6qnh3eHYd8FjyS5N6YXutUb3Z2GyKNPQHPURHaCK7T,53.2,42,0.702,49.8,0.62
7yGSDgQ1XC6SWZ9EEpW53G1VYTNRaRajAptgA1tJYfxE,53.2,34,0.718,45.7,0.65
6fRLg96MV8a8LzpfxvVt46hZsvKPYnn3PWUXey2ZT5HR,53.2,51,0.712,39.4,0.54
FizbsS19Ftg1zcmTsq7HMHyQakMeQYbv2Y2tNHM4eGQm,53.2,49,0.709,36.9,0.56
EdmBMt6L3Monx7HrREooxSvyZpCTNoaWCYxgxjukZWHd,53.2,98,0.707,17.2,0.22
GsZUTS9SiEbnooJXhpa47PfhuJE3E37Utf3UWPSJvies,53.2,52,0.859,11.7,0.25
DbuFfnAXjBDYGnXapmUHr1i2xjXshBW4H85XvytF6dSi,53.2,44,0.782,2.4,0.46
GXne39ift2dcXrV85sqcHS6vLBJXMMAShmEZH75YFfi3,53.1,64,0.677,50.7,0.51
9vhvvAMuLvigM6XtFH5N6QaZwoHNinSfFAcd6QVbhMi1,53.1,98,0.698,11.5,0.23
EpU3VZyijL9QSJYTRY1W9XLFpHvZ5ZXoghgY7wo7kQr4,53.1,31,0.779,8.6,0.55
DMw5597ixEk71fkdgcgZjCTaVXmtCKiA74gKDNDjpct2,53.1,203,0.605,7.3,0.25
HGbSZQ7Pg5wTKz7gLnNerNoSsinrrvrtgYYTvsCCWSPu,53.1,74,0.601,2.5,0.59
2AeU8WwazC7p5ypvR5cC2GuuPVirpGYmMmUkFxAvk7WR,53.0,55,0.789,103.5,0.36
FSX5gayVsWN8YXrU3ogyMm2XjTffptmgBMuAiQYWLszZ,53.0,123,0.611,56.0,0.24
Dkw5bXjNZeKCiibY5LpaVQH4XY7CUcP4xfR1pAyw8RL7,53.0,83,0.648,30.6,0.43
6U5dbKVCVu2wEj8raP6ugvCZAuHopAGbHeJoYAom1rzK,53.0,73,0.746,25.6,0.31
5HnzXhdADMB3gn2GphZATAwfrEzzMvG5hBwT36Wtd7JX,53.0,87,0.726,8.9,0.25
EjSpYUMmyrty2FnVukn1DcK6d7hfQCFoYdJSAJ5dqb7b,53.0,53,0.709,3.7,0.53
5FnE3q4tcDkEjRGuHgcxoBLXoZjWXDE5xEpJyneHDc9g,52.9,147,0.624,186.8,0.21
EB1Fkizh9YpwNQ5QBFnFMNu4MwwiRaCea6V5XVbewgJP,52.9,55,0.778,95.3,0.38
FayR5aA3qpU4Cf1jwGkR2HTJgWoAmPUTdNknxvGefWLB,52.9,73,0.671,39.5,0.45
7rzHb25KeVs1WeeSaRHTouJWiCiSJKkxE14DvYCNkw3k,52.9,104,0.67,27.2,0.23
HWZ35Z2cBEP3d47NgFN2MvNdHTZ4AxMPJHfDVCCF9Yi,52.9,31,0.889,11.4,0.33
GfQYuzmaDHnVGJE1LXACszRybPmViUXZ6Zvr2zu3m7u8,52.8,55,0.767,104.9,0.39
Gj8sxAF7sjGZFPfYrtGmVuWFmQWG2DqGC345FwtEy8YM,52.8,55,0.839,80.3,0.25
CV2feFv7giuqUY9jBGNuyqRXPGcpcVVAn9strnpXqky2,52.8,92,0.666,50.3,0.32
DjJLeemJj4ZwJU97b3hV1uyGp8AYUnSbPkfxxfEQUdRg,52.8,40,0.736,43.3,0.56
7XLv9c3YCn7B9dh9oe6GqfD8ABCudNkj3o11dC9mGQsf,52.8,57,0.847,41.7,0.22
76HywfeBCTufQxiwnuo8fh6KGFM5hfPNYqZQh5Ct9wW4,52.8,75,0.653,39.9,0.47
6tUtwYpAzrdDULTzeUuRnprEgkQsseN9VjdFDaRCshDm,52.8,51,0.796,17.5,0.36
FQzw6ijabbQB57PL5V3mJQ11fizyKPngMZrRFkQv8FMX,52.8,46,0.819,3.8,0.35
9cyuf88Au2jFst2VX5WD2agNdGNWz9Tmusm3j8M4JEfD,52.8,71,0.688,2.5,0.43
BdCbtm5CsNaKh9jjo8Mq6xZRaoHohna9DdnoQW9nTkkN,52.8,81,0.73,2.2,0.27
83PH5pFXG5yne6YiSHSKMLdSVG1e9uousuSXHNYdPXo4,52.7,154,0.611,31.1,0.22
5sPSxYJP4Zm4ZjSG46JKE7257se4P6HbUricApTA7tS7,52.7,90,0.718,19.4,0.23
3TxCFKgMUgCB99YQJ8TgEJjP9Uzgk8FUXcH1p7rxRF1e,52.7,73,0.691,12.4,0.41
AsbVKzuKNEpLqaESps8vkxV4VJZLHxVzxEQKTZrqqyhP,52.6,55,0.789,98.7,0.34
E8pE6owAwdcws7PtHXUHZ1tn8YtavpoesGaJFbrTbi4n,52.6,87,0.688,78.4,0.31
BxsyS9YuAcHFfVawZdEb87yt6WyX8poi5JRLxKUcwj2v,52.6,87,0.63,66.0,0.42
FAV5uryCowvkHXHEpXLRxrZPnes9BTW8cRZ94jCXZV9m,52.6,94,0.692,65.1,0.25
BMkHjN2N8K2PdCqeC92YYjUovn9ecW4GvFpH6yDggXWJ,52.6,250,0.612,64.1,0.22
GCYTtvsSKzAd5kRqY1whrWrZERUcSjdjoGxerZbJ7deU,52.6,255,0.615,40.5,0.21
6wLTRCuqFPSEDMBsDW1L5wZugmcLmM67G2TM7wzam1XN,52.6,37,0.648,35.3,0.74
2keo9Ss5HP51dqq9VVq8xH5T7ga66U8M5mQSnop9uJum,52.6,120,0.61,7.5,0.22
44uyYjj9qezYdFbvuXJ3DoBbsyFsbR8Hwo9ZySiLgDGs,52.5,32,0.623,100.0,0.82
ECA1tQ1Pjdg1fqGeicgkMU6bzYWfkN44yuDxesRmw7Jq,52.5,28,0.778,17.1,0.55
BBsXmM63jwwfkqMSSuZvRiiDsPKFfzUZiMaNJc5uw3Ni,52.5,41,0.655,2.8,0.7
7tzb3wupH4RtUTXMuvMkdT7fefEbtPGwhwTzTxfeggev,52.4,40,0.706,51.5,0.6
F2NSEWg2re3s22ikMcTgQyaTdqAjjfdfVTPmQvG5Q2N,52.4,63,0.683,36.2,0.48
AB4TqZSmbDd1WCAZp9sLvJ7ivKmRjy2T3GFkWJ7eKFS1,52.4,48,0.644,29.0,0.66
EJwYzqMrGpof8Am7K6pmf9XFiRCJiALb4mxhFrDwpGrD,52.4,66,0.779,18.8,0.27
H8cbcJgrMRGU6jujEfDcprDxtReunzpXfnKbhdbFZ3HU,52.3,282,0.608,155.9,0.21
GAFHSUFuDK8QUnVRPWhwMiHons2jyqp3x6KG1JWNuAKJ,52.3,55,0.811,86.3,0.28
8aViRD25DDXugXh8xcwCDy1FpE4zKERtvqDUaVJZvT1K,52.3,30,0.767,12.6,0.55
EUSrFmnQVsN48Q58SYY5GrRcv4CP9DmYa7xKYtmVincH,52.2,88,0.691,132.8,0.28
FtGWiQYZR8h1yVoSApwY2JPVrWXc7BJyvyiS3Xr1yZ7C,52.2,273,0.608,103.5,0.21
BWCCM5Z2jYKWCDhGUHBP6eRvwUYmrbEsqZP1DQbHi944,52.2,125,0.605,51.7,0.21
E4mAWataT9GCMXExwyrUCsJ8yXf8FKwCMVysbDt6p3pA,52.2,50,0.761,25.9,0.41
7HfvLxEyQtCbwd6r6RtViRjDxoUT4putWL4GMywc6CRe,52.2,50,0.8,13.4,0.34
EMNQexNvftwGbvsCjy3LWMpgzeQ4qZn4nbqVCCfqNasH,52.2,83,0.727,12.9,0.24
F7Qjo1c4LGv89P6MXd36h6YhYMTVwqqXkxbx8hbyz2uc,52.2,46,0.715,2.6,0.53
ETYxK9cEhsDb5M4ekJLwLkHvSXEd4EG7muCaYxFNsD8W,52.1,100,0.676,36.5,0.21
9kJrDr21XdLgYzmgNn7k6suTaYs9HRGhHcF97aaWQqDz,52.1,71,0.63,20.7,0.51
FABZXmuKyccpaFCjxzrVd9ZSQdSc2DB3FCG8LUzB9DoJ,52.1,72,0.66,18.0,0.44
E5Gv1niVEi2JZWJDAxZvYtqWP2CtYV8o5e1c91i8UCKv,52.0,55,0.778,96.9,0.34
1ooXUUruddaKq9qKwV7bhgYq6b4ray3Rbf1GNnorDb1,52.0,165,0.607,57.5,0.2
DygQwbszWoMoZdrU2hALxRrrgDY7HFum75MkTUQwEeAv,52.0,50,0.638,55.3,0.64
4Zg49ZTZeVi5dnX8x1W9616WDM2MSLAAeAvaDsRKLwwC,52.0,70,0.757,25.8,0.27
AmfYPc1DYX3xmHSgTEtW5LvWkqCfnfHq1SHwvxh7i1Ad,52.0,70,0.767,15.7,0.25
DzHnuDmbs3XVj6iAMiT3oM2GwTWiuGcgMTJoEdjYsRVW,52.0,59,0.684,6.6,0.49
AQHsynLzvT7Uyf8DMuVGq2BKLJxuidgeh6MvXrtSeTWK,51.9,37,0.784,147.9,0.45
2BZ7etE7ZkqoJ6MkZcogd4bkejo54r9Svjrah9EJ8srz,51.9,40,0.674,38.7,0.64
MkTbdmYeqNuDUVj11RgPy1hVxmVehVxVbr6WmPU2izr,51.9,34,0.764,33.8,0.51
14C7dhg6JKho2GzJaSQAtDY9cFBP4KcrqCJ7qmiPJg3V,51.9,38,0.804,19.2,0.4
qXh7jSwEymdTLV7zy5wYq2i2cadfpb4E2MXHgSrmBXx,51.9,30,0.75,12.6,0.56
6Ht1KZKKwrwfe2VEnbCAo7g2qUqJW9eXcA72g6fpnsjK,51.9,54,0.703,3.2,0.48
684CvPPziJCNSkzhAq4AxAWS3LU782fKoDMRGJhmPGSf,51.8,36,0.757,75.4,0.5
CiiormMvuitQv7XnkQW2gCPTvEP5h7MzZkVHAUjmfS4v,51.8,51,0.817,12.6,0.28
Fgt8NerxA9pvnpkPoV1wUNT3S3GHt7GMKdk2x2LrF4d6,51.8,61,0.804,1.7,0.23
D7W2emckCA6A6ErJmfZiUpZYYDessVrUb9zbgo85zy3g,51.7,85,0.634,98.3,0.38
HPTjbsEx7aBHAbvBZ3ghCyStC7YA1VubPC9uDYfV7NY4,51.7,55,0.673,40.9,0.52
CJCUQo5EV7QGgWhG1RmgdYAFCWeXSAPKr4LMU6nqBqwT,51.7,89,0.671,39.0,0.29
HKN4iPXMzLF2E4RTUVi3mc5ah5JdYGAS3ft3RrXrWmWC,51.7,86,0.672,38.9,0.31
CR8eMVoXSXkQcV4jzLf2yqbStxa5BV9Qdm2ZKwuTWgkN,51.7,59,0.797,24.4,0.26
DAvCVPbANQf78yNqwsyVXPtt9xvNrZPpE2pZUdKMDbS7,51.7,90,0.706,15.8,0.21
FqiAx1PQodt4Zj66c695U9MowjgrDjHe7XFzjqzqy2dL,51.7,75,0.74,9.6,0.25
4GeSfQXTSwruwwBDShHmhMKC4qpJekJjoFHyYKTk2gtY,51.6,68,0.764,82.6,0.25
6PSJr6HhnRxTGj4dkA4fnXQrnB8AWGVS6WZVdVR9SSXq,51.6,68,0.702,22.2,0.37
DxQHQT9Mu4bwyACYt6EoPktJMpJtK2XLCmn7dLhdYoSi,51.6,39,0.805,19.9,0.38
HuBDyPL1A3Phn4LqvSQZUU2w5tp72CQ4MHZg1e6vN7NT,51.5,80,0.648,80.4,0.38
EEpd4S5sDbSgAoQ9q3zYnZrb7nRcsRSpEwwJeuA5o9hJ,51.5,61,0.729,26.8,0.36
GXvRY5T8qZuSb5QNwiVXAsgiBBVKDnFGVRTiox1Ly7AM,51.5,75,0.693,19.4,0.33
2v4FX786hG8crDSho79svDcrQh1syCded3vcYvfyhatW,51.5,80,0.658,18.2,0.36
8igrg7xNXgwH6PETx9et7mbnG1QvyCH1j5wyMDqjiQFE,51.5,75,0.62,3.4,0.47
6nJdGiCw6HbMSmBCh2pjUuawfb26XdjUiLw8rc8oK1oU,51.4,75,0.715,36.9,0.29
7sak8y3vxhgkgqX9Lzfte2qMGWuhwNP7LX1FtUZDeTME,51.4,39,0.688,8.8,0.6
pn5cdDRZV5oop1XYamW5BC47sNdeH2e67DCxXdhD9Zs,51.4,97,0.672,3.4,0.21
77shyvx7LWiejVuqZQont2pqdMR4EvofLmwaB3FAjpJC,51.4,54,0.815,2.1,0.25
54FksNZgqEWpZXn3okR5sJ7ELZYnwh8xHMAL1N7KqazQ,51.3,38,0.804,45.1,0.37
ET9WK7t2yLhBv5W2mW6HQRcMaD3TBVKAXd3DcbzXFfQ7,51.3,45,0.865,32.4,0.21
DJ2Z4wXLC6YmD43Mqq1VV7epfbjukavCJ5K9mqVv9zFx,51.3,36,0.85,28.4,0.3
9GKUckoe937D4xyT5MDVfQkg6MumjTg5XJfoPoTarDpK,51.3,85,0.701,26.0,0.24
2AqFJzcgSMQ9v7Vwh4yE7Vux8brcrjus1eg4K1zM2zUd,51.2,58,0.622,264.5,0.58
8qUCM9qXGKxSD8YdNZ7NVpQhdLZpymxkqoqj2ygBGg6c,51.2,100,0.613,85.3,0.3
DubKzJog5GTPPLWc2KiyA4A4tN9e1fAjy17npP7o1Kq,51.2,29,0.887,79.4,0.27
M9VtmEkbpxnaUv7bsAYmCy21nHyv1CwE1AwfVo9SKZK,51.2,41,0.761,30.8,0.44
2KjiTaQhxTEFNykKeeDf82YEpsJNp9wCX3msg94k8y5M,51.2,45,0.861,2.2,0.21
4CXW6TLeJgkzRQxNw7UfWNfYJVx5figmmHQo5Lsjaw66,51.2,52,0.755,1.2,0.37
FsnyJ7Q9n8wY3d2bszkSgJQDjr5hrzqWgZHdrnSpBo3M,51.1,27,0.7,57.1,0.65
HBDjcyyFEshZnH9xAxPoejJAwWw3bn92hJfSdML6U8PX,51.1,26,0.755,46.2,0.55
8xZHe2tErwManoTMqEAcpmkeeYdTEeQnyTzA9PhHXZSq,51.1,36,0.827,32.2,0.34
5ywMefptun2J2oiL539vaTm9mraEnyiwHLYrHNC1zr5G,51.1,47,0.807,24.9,0.3
Go9BEhJGCpbXFzky6SWcofqQyuiKrtE1m9Knx1aiZCc8,51.1,91,0.686,21.6,0.22
8WQwXBsukXebf74xrj4MmJPYBdirPAxejiPeyCN5bMWf,51.1,63,0.738,11.3,0.32
7JFSAQbodH8otbLx1K6hzjT3CU7k71VmpReLu4mMNYrV,51.0,43,0.661,304.7,0.6
977jqPKnuB2oCi1aaPGz62tvmBy1u9uhXgGDgS9DttGq,51.0,55,0.744,89.0,0.36
bB85mL5d7hfVY4CsDkNRttaBMR7hzmcnk9RNuPpw7my,51.0,102,0.626,0.0,0.25
7SApRQ7Eb75ua4zZ5SD2yXN7fLCfeGuyH6TQ8z3NC3ZE,50.9,54,0.741,90.7,0.37
3tEEtPQ368v6uKpJkUhRgdhEkuPG4E4FEPU3AmumrkDy,50.9,55,0.772,86.5,0.3
9nFNjh3ipAEgdqrH99kSCmmoRxkvtABc3LrgG2CUHe7j,50.9,34,0.675,85.3,0.64
CZjxED3uVrU4MaNqkbw6jsVQfCTjb8ctenJfJGBpYJi,50.9,108,0.626,72.0,0.2
BFe8yCyJhgd7XRrrNgJeqEb1de8RSUrjazZk1yz93FnP,50.9,48,0.704,42.2,0.48
EgRrijLYQfYLKUGiYT4172tCPLCE82GthbitgvxWENtT,50.9,29,0.707,20.6,0.61
CeSEWToEpbsDPrA9LEsL7Y6VzTvRUjFo9jduWLHSyyiQ,50.9,56,0.73,14.3,0.37
SSG9AXARiNvSLCW4fTTvScBRzoRz2H1ZgMA4GwTBd7q,50.9,58,0.727,12.8,0.36
EmQSdt9xVRMCjJH1XCuXjDbGrSTtwUH1W95YG1QaEMpG,50.8,35,0.717,3.5,0.55
HFLX1GnxUw9Y3DYXFZMTrSc2p65zH3eFysW2k2YSm8Q1,50.7,44,0.821,42.3,0.27
APSMNHpmF1mKByqEV4XU6QaabK5SFSaDTTTw59qxMYSs,50.7,44,0.688,21.8,0.53
BYeBB3C9eNS8sYLGJuuG3PtEJLBFNhumkFuSDMYUfQBG,50.6,47,0.675,51.7,0.53
AfJxRN13AQoLqgPCzaSBQb9z3YtaMwkV1GRnzaEB61iu,50.6,48,0.793,41.7,0.3
CJnPGm31Z93ytCXJbAGVmRe4avFdxFojGBas49XNuCCA,50.6,42,0.731,32.6,0.46
7StuPGM6wTkFP9YzujJ7YqUVGumNSRN4Zgvfro4DTczZ,50.6,80,0.693,27.9,0.26
BNfMZ2AtxspW7wjVZrS1WVekUWo853pW2C41kDe8dFoY,50.6,39,0.745,19.2,0.45
AMsWj5tTqWrvLN1485Je7FSBEXhemECdtrZokkS73Gg1,50.6,79,0.699,0.7,0.26
87XVnBsbpTw6ry698sQHM7pEDgSZk1CNfStLDeToqitE,50.5,80,0.699,91.1,0.24
2y1TuXZiVnNzLUa8XixbS1uTeoPdzEsxnCJnaPPCnyoC,50.5,55,0.744,90.7,0.34
7xbPi91dDTMmH3gKeFTXF16gXtTnfvaNwTDLqyFM3wmF,50.5,41,0.855,28.8,0.22
4xmMRHhfzqDhVMY6yHEPMe2eHzRpG9XoqBuPBc74n24j,50.5,41,0.821,19.8,0.29
2Gv5i9QJ5326PiK31eWs873vVoSJq82rF6aocajtQaGt,50.5,64,0.713,17.0,0.33
AoYkuMnBzGzYbQnLzMBkN6wrAiVzgs6hs4hm8Hic6spk,50.5,74,0.718,6.5,0.25
GZy8B4nwyaZNepPhAcnwLi64Nd6nBNG17mcjqnTZpAG,50.5,65,0.654,0.3,0.44
3aVMLZNYN8ecpUUrQJHYRU9y9LnFUGyA5uvgx6fPSyiv,50.4,55,0.739,99.4,0.34
6siWNe5cZr3majieqdkMmwRVcpLavTW6faXHKUmZRxmy,50.4,30,0.725,55.9,0.55
CNDXkovjrP5otMJor1hwSpKWpmY1Qq4vgjBAtQS3Z2TY,50.3,51,0.629,78.5,0.58
5Vibs6pnWxCMgPyJWhJpEzpa1qcaasLQ4wz1PAmAnUkb,50.3,55,0.789,75.7,0.24
H5oNU2KZECkPEowtPBMvxygCvQmKBUpHQB1h9fxHVhqQ,50.3,55,0.771,43.4,0.28
AtfmPMggV9JAFuQnPrP26NMUVMCXHvYNDjfxMuosiATB,50.3,49,0.827,40.4,0.21
DkRbRQ4ZWwrhMt8DWpHH9kjEGgHyuv9dUihF7YsoyhQf,50.3,75,0.64,38.9,0.39
9dHGMhHF6pz8JciEtqMDS7UuCuQEw4aedCenfmEfEn3N,50.3,36,0.646,34.2,0.65
9GaCA6ZsamjTtSrGLZ2gXfFPDVX62bU3YozzDfQJTxWF,50.3,66,0.753,29.5,0.23
EK2jmNwVtnv8cHuQKELbMKF8Y7t75aJ9jduayvpCbC6W,50.3,59,0.698,21.1,0.39
EzLrE7je9vRRe4jmGhbkNM3MoRUAoqBbTBpb8K8ToiCB,50.3,29,0.845,8.7,0.32
9u4SxoisygqrQye6Bj6V2vGviC2qdo55kawD8kH1feHq,50.2,35,0.633,41.3,0.68
H5LvVfWQuAQ4QBuegcQk9zxU63MR8dAxKXWtJ5mbhC66,50.2,29,0.829,13.1,0.35
8LCwoG3D5kiwx6rXps6iopb1AJaV45GHGVhn7ZvuppAy,50.1,59,0.703,87.0,0.37
HtbXDAE1xX35vXhE3raVuYiZrykWiFWcnDJyy3WLo9So,50.1,52,0.701,39.1,0.42
JACkRsZXCtdCyZX18JHdbU1KaZdDwj61G21kd6tK4GB1,50.0,104,0.62,24.4,0.2
7hEXnDWfR3nTZjyMPwLHLCAE8b28uwFxytMrajW9ehui,50.0,55,0.712,14.5,0.38
CJUUc5t6ULDDF3V4WE7PSggWN4Qzj6gY2qoWSKKFSx11,49.9,54,0.714,93.7,0.38
EtmVgZ547zUXUo93PtGqGYp6SXYHDm8fznWrA9rj9YAQ,49.9,66,0.734,44.0,0.25
6fUycunWxjxiCu4RKFE1kjrTccLyN2PdHfBnqANZcXG4,49.9,59,0.783,18.6,0.21
8vP8hbsq49bw77vZ6uczrpUvzcbrsYBGPoEkFHT8uxYB,49.9,79,0.694,7.2,0.23
HrSfqYZxZuJMibpywFvE1W5WrquAcFhk88c6BgGgBS3R,49.9,53,0.716,1.0,0.38
4tJFN865yMxzwMw9eCtZFhCqkiebxt1xbgm6NqAv3W9q,49.8,35,0.784,38.6,0.37
9f7XeuzfWxugSW7HqBUMTsKRhhiAxLwuagzRfVvxBjL2,49.8,56,0.693,27.1,0.4
DmWYFzd3cFixF3sNZovxH62vWfCksWHEncxk5HE2aKJ6,49.8,79,0.675,23.9,0.27
8JtmFRFbxGWyZTi3ByKYi7HzKQMYtYsfE5tfp2ewYZBG,49.8,72,0.726,16.0,0.22
FmPnSgXRugRjUYWdxsM8ryaUGX9Lkx9kgTnbrQ5MhvsA,49.7,55,0.75,87.6,0.29
7DJAnZSQyRvqJNw6h6Nhnbw82XGLkDz85jgx4169KzWn,49.7,56,0.737,79.0,0.31
C9CXmqRrFS65qe7767hr1XmMBuZEzdi853yYSP9Jb6Fu,49.7,81,0.62,24.2,0.36
FGsy4ofnwquAuADouz9dqzkRQjaZifAKB5gV5qQ3yaJY,49.7,59,0.76,22.3,0.24
GezrgjW2xsxzuw22FTQTbc2WszcP9CU7pzdcQGqGH1U7,49.7,43,0.718,17.2,0.44
6X6H2PJ2LrcL2b7jqjMEkK5djamSkoMTtTYmS3Zxtocq,49.7,71,0.717,16.1,0.24
3HAZKvFYWZ2Es9Wtwk6Lv9HSxcLDkWgx34pcVt8di35G,49.7,82,0.643,9.3,0.3
6Z7NUxNTxTzG5i1Pvf2BtfxciiZFCaG4JQic3hVLcc5y,49.7,75,0.618,8.3,0.4
919ngyGiowsRdRWH4zzPJHQAyjCSXdKtrqaEpvY2iorZ,49.5,86,0.656,32.2,0.24
yjAgcN6tnNoLb6QYgmHHuziN5bd6ShLAyx835bGArtc,49.5,78,0.644,18.4,0.32
D6dT5fA7B67LgA3mz1X8EYpsQ35qvtAM8onNVb6X3iRu,49.4,49,0.735,36.5,0.35
4JDk4HCwPMd9Wg1dSRZ921dTMu5fcA1iELXVPgwYnXMt,49.4,47,0.706,33.3,0.42
J7BPbiLfNLu65bQ39ZrvNPT2jrR5cF6v5CJaMX55Jhjv,49.4,40,0.75,21.0,0.38
6g68oTA7dC55QEemSsjYwKeREK2JNTF7JHnC2GvCDyWZ,49.4,67,0.726,8.0,0.24
Fa44RFqLPyZ6NEJ4iGSm3y696TxGea7j9MJBGS1VcVDY,49.4,36,0.802,3.6,0.31
5GvZaRHh7NbhS5gFkcNBY5Tpq1F17C1RFL5vQQzavtgv,49.3,75,0.671,31.6,0.28
55KCDbKVuwG1PwCRDZ2kC9CAPPQsz9QdKJ85WnRBrcHK,49.3,59,0.76,20.9,0.23
8z665p6eaaYTQpTuArPuSu57BHVHeit9VLZUbD5WYjh1,49.3,59,0.77,18.7,0.21
GnZdxYvJm16u1cGmomZrHkEXo1sjppXMNymhaKhK9yM,49.3,60,0.621,15.1,0.49
CVrhUZxqFCgbxT6EKVgntxumWdJDo89c6GvZnzbcW7uD,49.2,55,0.683,110.2,0.4
6jjEuuCVy1KB3h1G18zHZ39X4B8L9U56j5An7rqH8ViL,49.2,55,0.767,71.9,0.24
7z5Dafu71d9fJCGoTsDxjqz1EJSfpCv1LKX2AzmWEhCZ,49.2,30,0.736,16.3,0.48
32RRLUaHCfNznvoAW66StM466gRBY2DxbU521deuo5Vb,49.2,53,0.725,6.6,0.33
C3Cb2M7SrktvVAfRsaD8tLFVvFfJNZSCavmLrWVM87ud,49.2,32,0.853,1.8,0.23
H6wt1cY8WvDnNVRBERhhpnNjGSvKpaFZogiirXFGGRiA,49.1,67,0.64,0.0,0.39
p1NDWSQkjhL81xSKC5SKQuKfSebczYA4AAYvMwXWHub,49.0,29,0.766,72.9,0.42
FCVrkNpUDBjT2yiMJdazK2PcoH887dtmNaETB54bucY3,49.0,70,0.694,48.5,0.26
AfDJLF8dzEYtYCNZUTGVmTyV9doHN1JttZo4jpgdK9dT,49.0,37,0.774,34.9,0.34
AW325dJu4rHfeuAJpTvbNZNj53dXgCqE1pqAx63yXTMe,49.0,45,0.704,33.6,0.42
EJb8yGANavCcmgRRSaiALqhFmygZgW3ncT38qFxy2WpM,49.0,39,0.776,19.5,0.32
meoriV2dBxQGhiBseswZvm2n759XT7bXunEdttidkDe,49.0,26,0.813,10.9,0.35
Duxcnxi3amFE9ZkKma9fMvqgYeam71pc3MRKVZ2uJfrQ,48.9,56,0.665,102.5,0.41
EiYd9mry4bKPmNx2FMccAdHj4ojB5m5D1nJkdN5m3Mxw,48.9,55,0.706,92.2,0.34
BZWzvFQrqbT5Tb1T4F73SWKhM5auiPMDo9agb456HLTC,48.9,28,0.671,49.0,0.6
5VXEfywc7afkroqUDxVr6KCWNmZpaquwTUvHspXP5edD,48.9,71,0.643,26.9,0.35
8ufrwmEFqNVwfANRUJ9mhpcdpkbt5Pn2bEFx1Pa7WNkr,48.9,60,0.713,22.0,0.29
DJAxETFcwLApnLhko4PoaeHV7bM9hgwEaXzNHrVJAJEb,48.9,41,0.771,20.7,0.32
62BddY47jwpfnTpkoPLXXkS8nFh88kgLSDNu2aXCpep9,48.9,58,0.68,4.5,0.37
9B6HCmszRwfC9X6DPTKq1X7cwybtSqdCz1s6vb6P2B7N,48.9,60,0.68,1.9,0.36
FWzuaLxWtQMGFdGCQijXUggQoVkAnZXbmUtvUSwLZUQ3,48.8,28,0.643,12.1,0.65
HqM83HiN9w84pRYhjQJBunj8MuZtsqD7GJWGjyFeybJB,48.7,60,0.69,74.4,0.33
6sc5EZ2RGN4Bk38q25ekLFZ5v7e2eSjhsMQTyR7yXc2f,48.7,73,0.668,37.1,0.28
CXoUJHtBGnuNR6zJ3zm8nTnNzCwXxFViXh29d1kTJQmK,48.7,33,0.69,22.6,0.52
FiPzMCywHdxbkqSLuvvk8MsT5W58o2UDWcqJx8TqtNSa,48.6,52,0.685,100.8,0.39
B1HgrB6kG5SkYzZio7CP5LznfUTujzUbGZLP2hTxKjjb,48.6,54,0.714,68.1,0.32
9tbGNjKTcJiYNE8rnCBxnD9kateC7eeposZrzD35d5wt,48.6,70,0.639,30.1,0.35
DjsgfKkhB6Ch9j3JGukxHNyZmfyVQVcNUEqXnxbSNqgR,48.6,59,0.747,20.7,0.22
2eb4Vw7UWUprsW2DPXgftawRUpB6QVXXrWvUf43fmzPg,48.6,34,0.768,19.3,0.36
HP1QMMvHMQmZqn1wCCJ7JUH1LcLzBNxm3eH1M6B2p9GM,48.6,46,0.619,8.9,0.56
BhV82kXtB6rzbmzVaryNHi6BCugHDSd199koZrkcYJDh,48.6,42,0.744,2.9,0.35
XuyUmJTJqyFfvt88LP1Fj5fP2RH9kJbPvAixUfBQHhB,48.5,85,0.634,65.3,0.25
FVZRwUp6E4m9jV4VumF8q7m8q3mF9fpikRrJSCCfFAdP,48.5,46,0.674,47.3,0.45
A9ABEXefyHD4Hawj6TpF7hRBkdVTk7waUUkxXnC3BGPm,48.5,46,0.739,5.9,0.33
Czs4WG2ER1Lr88Rk9NNCEcxu4yJdqqyAhPLxBUK3BRNy,48.5,31,0.718,2.1,0.47
GpqaAwadXByRJbFH9w3ycHihMpg31PB5DDq72bXDBUac,48.4,41,0.727,60.0,0.38
6uHpqKmfFHD4DfEMuupJxHLafs9hs5P4Uy95twwNXRBh,48.4,51,0.676,46.4,0.41
36vLoRhq47uFHa5te6wTJ4vyXt1NRwAa8hozbdmDcmhi,48.4,50,0.626,29.6,0.51
AWS6xMAr2Zz6Tkn5xdCYMn1Mg5rK2iQw32oW4czwu8Xx,48.4,25,0.843,21.6,0.27
2Zn8pMbzGqzxn3bNAU1WAHychEombPHw9xhVUk1HzwhW,48.4,62,0.713,20.9,0.26
5tfBs1x3Ge6VAkAGWeL26anHRrKPjSBu4ZGwSkVhSFoU,48.3,79,0.641,31.5,0.27
72rzXe3PJaRDpuBc1rPTT9uUXjjYGPVpRVW5SXgzGzDG,48.3,95,0.602,31.4,0.23
Dmm24amDNFbCxLtTZqK9Ht6wk8qHFx5Vk8c94tWCYCpb,48.3,41,0.726,1.6,0.37
Ho13XF433hMbxRF8g1TSbedYoqHdZNk5znvEEUDMomRB,48.2,55,0.661,101.0,0.4
BxxKJseG1bLgbJfKSs8tVeJdaHoxeaVqxaFdQJwKweCy,48.2,28,0.656,48.2,0.6
Db8EHsgq1XG5ekfQQ7vu7NjaZwiZwHNGf5KKb9RvMB9a,48.2,36,0.669,26.8,0.52
CwECpxSLwWAABV5PneYevZXAtF5wnZCcykMtjUJDWvJf,48.2,38,0.785,18.9,0.28
44LXhLZVYt6FfXirGUfuVCbLPpgoyU7GWxfLzofDU8HE,48.2,36,0.715,16.8,0.43
EViJxi5fMEXDrB4HUnD6TEN4eUUroQSLwzgo3cWASuGU,48.2,68,0.676,7.4,0.27
Azbvr5VuCx98pjVzVig458YjVCA6mzYRakrPtfeqAfKT,48.2,35,0.738,3.1,0.39
BPnVoSwLp18rCnVrnaJSQmb34yeVmVeWbriqk6q2j3mC,48.2,56,0.622,2.2,0.47
b4ddacZTsfM7td2cQSwKPzqDFRNDtF2TB3sQ1ijJj4T,48.1,33,0.698,41.9,0.48
Dxp2s7pR3Md9WV3sRKh4omR9zYSmDqjzFnHFSS8QVShz,48.1,83,0.637,30.5,0.24
5JswvranX5XMtMAhAqFBCYnGiJS2hmyFrCtVkfwUa56e,48.0,65,0.649,62.6,0.34
2cPTXvPbYHKX7WiFHsafSXRuvd4ozCgCSynbZatVmeoA,48.0,92,0.611,46.8,0.22
J4gmws8ctWVn4z5jJSeAFffb2ZQg4zsPVMLR3Jk1NZC6,48.0,48,0.682,36.4,0.4
8ykaWo7fV47MFeFDX2EnVj5KRhM8S7ZcrBwNDgYKrJPZ,47.9,73,0.609,64.2,0.35
8BNTRFCN5XGqCSn8wkFkMY64PxQxVUeyNTkk9Aeg9zWE,47.9,48,0.717,11.1,0.33
BTA697JPfkk8sN8syFXAhU1knLfpQierqosFBrRbgFBd,47.9,38,0.786,8.0,0.26
TLTf9gBtjsckLqBcuFH4MQyGuKQyk9YFTQcjoMLnxki,47.9,48,0.688,4.0,0.38
8q51Z65e7XsrBH1TiJjpbVzpTdBvKZsQuu9XG8J2Wqsf,47.9,60,0.73,3.6,0.22
FfvtENxkX4dNSJgrxS2CrZ21rXSEUmJaCQF1AaoFNAX5,47.9,64,0.717,0.1,0.21
3fdJGPWsoE1dhQNp1H1kwgYn6HFexSoWFAet7SCbTmTn,47.8,49,0.698,17.2,0.35
FddXjgY4MoQzTbnmBFKfQwWEc1KEezWXDPHmkX1SUtJc,47.8,53,0.731,13.7,0.26
4fQzc2zkApqFgXkqGwRU3qBR71t5bX3avMKYPvVbHTEe,47.8,83,0.638,12.9,0.22
6WQ9E1HGaEQaFNqqC5B2vPyEQ5eQGXCSxW8pFfG3TYwr,47.8,37,0.72,0.8,0.4
FMrLCzfeRZLiawdoj7PRiAyo3kwbYWJ7XWQXgxmeHr8w,47.7,70,0.647,74.0,0.29
BsTTvSQx7sfDLmhAnTmfQayvaqJXu5X4ggieTTSrsra,47.7,55,0.636,65.1,0.43
oLZTTDNnJkANKWpWZz5bzypfZsvan562TyQHWWgrZ77,47.7,31,0.679,30.4,0.51
DwTMzomyDFb9kskGX3yGHNXW9HB5Zt5vUKT6ckDH6joa,47.7,33,0.761,2.0,0.34
3zcSg7FU3VVE2BsWng2dfPcCAF4yqKuoDofohvhzV3ZT,47.6,76,0.606,152.4,0.33
F3QNGtghFavNz1S1iKnKTbB58Tzct6wAn5XcXdLwUCtR,47.6,57,0.657,38.6,0.36
B5juJDcbUyj2j21bPW1trVNpxMkhBtuBh7BcAdz5Ddfz,47.6,50,0.698,31.0,0.34
3iT9WEpERj9BKKSQ728zuGpCvWUtjgghqAnnv4b2fXU8,47.6,64,0.692,5.4,0.25
J9des4bktfkhB6gVBb4bkf7gf8E9qTci57jANmNQY2Pa,47.5,55,0.694,69.6,0.31
5kj8N8tjKycq57buYU7xffCSKBWbQnGUzSPRA42ihRa,47.5,49,0.767,7.4,0.2
J6hwqVzT6y2ZSKZZTdfCqgju1NjsdWVa2mGfAVNVZQJt,47.4,55,0.694,79.5,0.3
6gooRzLPw2zk4D4SYDsJU32nE7ZFK5N8CCmRscMqHFNL,47.4,65,0.626,21.5,0.36
2Gh8ojxpYovp2udAcqAAueTApDtSK75noLP51sb9Tz7r,47.4,28,0.761,8.0,0.37
ugwYXiNY7LBgW8rxmaBPVu4HY2kkgCutkjSJpwsgcjV,47.3,89,0.609,27.7,0.22
7gm6hJQWAyFTmDqabiAjLeuE2NCVtZKQLZt4pgUGP4o4,47.3,41,0.764,3.0,0.26
2Kfe7vAzUXfzQd5AU15CQyKaZzgXirtkmhf9pSwEMqo4,47.3,45,0.733,1.0,0.29
JDDNtBkp8dQVdyXiSnoyQwJa3yFWm7Cdhc2Ks3Hr27wh,47.2,56,0.643,106.2,0.38
HhzJfEaP1QNNZBLW3PvQ3c62J4Wc5mG3w43LaF2B67Jo,47.2,55,0.643,93.6,0.39
EDajBBK71iW7jeVjfsmiGeneraPEsq2YrPgeAQkiLd6R,47.2,67,0.65,88.0,0.29
DPNPVvoGdwNBY849ryx2JZzakWuWbDTfSUYr8aNfKLwA,47.2,59,0.629,80.3,0.39
F2ad5jZjkfg7VoDnJPs8MAPa4kUkD4U34TTsimoYx6eR,47.2,65,0.659,70.1,0.29
3z242DXZs37yfwxVs1xfYbPTjsMogA6RsbGxVRLxkmGJ,47.2,40,0.758,10.0,0.27
BKKun4qD3Pyoa158xf7FAkaYn91GFpwieQNK3mWCk7WZ,47.1,72,0.618,33.6,0.31
Gq77Gr1KDetHnZxaUutW9HgxXgQNFpcqgf15te2ade7H,47.1,82,0.627,20.8,0.23
4cnGkEmGs47Mx2D6qkuWZd7KqauKiFqL8NzNjNVKXKyv,47.1,58,0.713,16.0,0.23
BSUdf1VWR4k9LTWXJZqChM1thZRQFv9gVFCoZ4Sz16gF,47.1,31,0.798,9.6,0.26
88Jj2TT5bRGtoxdvFZq2rC2EwMNdyC8FKqD8Rpqy7epa,47.1,31,0.759,7.0,0.33
9udqZzePbx3N7917LK9PzgxrDqQEQDECtLc8KTYCNghX,47.0,50,0.682,40.4,0.34
BQwQQvBskJ6Mr677s3dnksAw4hzV43NtnwMfGc2RCNbL,47.0,31,0.66,37.4,0.52
BgDzeTMUK3C46GGjLKxsGTCHDJ7MKGdzqua6XtT7L11j,47.0,64,0.655,28.2,0.29
3Lrr85rAx3S3hPSdmioRk1cC3Z47aoqZhyWkfPHwuZSJ,47.0,67,0.668,23.8,0.25
EWmfXkrisEzUNQoWBsR8ARUEQJyyCkAEG1t7Ufb8u3B8,47.0,68,0.669,20.1,0.24
GnAbZxF6bBGLvdrspfmyGx4mcVFzkBfSk4rNXyutHVNp,47.0,62,0.645,19.5,0.33
6ji4TtvEhZRtarcwCwcXQpvg8KBDpMVNGo7DkkbwhCMk,47.0,26,0.713,16.0,0.46
AtBSE5tRnCw3H6N7bquWSu8Lpq7VawgZjHzX2yKoQbjC,47.0,39,0.779,0.3,0.23
CqKHmBrmw8aRbvQxeuu7BGvak8KfNthmDPEMerFUcbay,47.0,57,0.646,0.0,0.36
3oak1peTg2qVLcbxcJYGr5B2zwfY1hHyoKLETTUZDoHX,46.9,52,0.622,40.2,0.44
DaNSg7NnfMKEZj3WuXvwzy1uGb6CzgNx1Wj66CMa9VGb,46.9,42,0.658,17.7,0.44
H1as9cJbd6Uhu7Lv5drRCFKg7nbPnNk3ymeYkJt1dZzQ,46.9,47,0.693,15.7,0.34
73z3UUoKskw3MjBmwvSQ8vU1VjcUa3DuXHhqqaoF4Q6a,46.9,27,0.739,0.6,0.39
9wFxpNE8awZnaYqCUPje3gSMBzijeasATnRCmaMgEvQF,46.8,73,0.609,100.1,0.31
A8i6J8B1DgVdQaoeyrCmc18473EzYocEtZGavHT4sXzw,46.8,59,0.654,49.6,0.32
8ck8WifZXovAWSwAbe1c1ZqpN3D886i6j9wWUENaNqCM,46.8,54,0.662,32.9,0.34
2Zb4CJCmm2me1cSjeAfujnFz3rHhv9JbAAcokqfj4kme,46.8,83,0.626,25.5,0.21
3FbCDsEYNN9ppiingCLSWeD2VfX2pFEGbQka9HyzZw9t,46.8,40,0.729,16.8,0.31
BH1sksPJKtkYoNPGCVBZBoqMec4rGKwoo2EwwKnkjNNd,46.8,35,0.775,5.9,0.26
6P7CnmFbHB2Bs2ze6r7Jdakte4VT9TW1kDcmpwArjw7i,46.7,39,0.667,77.3,0.44
B2NB7Tjbf4gQhpQ81oVxcjAjysLFzNR9FonuxZTXSere,46.7,78,0.619,70.7,0.25
BswPV8npyBNyaYXAaW9nAnyMVokDmUoZFhBrZPL9JgMS,46.7,46,0.66,36.5,0.4
BBdZSiY944RWHxCuhzG6HP577heKAZU5KCX7FApPtLrG,46.7,58,0.687,26.8,0.26
Fr2e8tqMEfVhFFPsn24hsWtMCjWqRacci3Nc381d23bP,46.6,52,0.688,74.6,0.3
ADFoFNZby5G433LwQJSTM43yi6au22Xzh5WayygHqjmc,46.6,67,0.652,35.5,0.26
DV8XPSkB7Zq165wmB3gxMHJ5tiHkVNyu2C6CFbwGU9YP,46.6,49,0.738,16.0,0.23
3p3cFEePzWZ96MGkBdLoBdB5RsXdbhkpsmdGo99TpfFC,46.6,30,0.776,0.7,0.29
2ZEA84d3VxXJqfHgknbDwjCfXVf9nBNrnVXxMLdt7Fi2,46.5,74,0.644,65.1,0.22
98TixpepjK1KSKaqcT24bphy6BnxPAxdecDWH8qGCEum,46.5,32,0.8,8.4,0.22
GMwXfLtKhgtWdLqq29pF4JbUUQA6asUeEaXtjQSB7gpN,46.4,65,0.613,74.4,0.34
7BPyhTbWMVBRW7c7vvZJyfvJMWBoEgj7ApF1NWbgseQP,46.4,59,0.683,71.6,0.25
B2izh6adTioi4K6tVdehQ6R4GhdvRPymiLvqAhedqpuu,46.4,67,0.677,28.9,0.2
Ad4whsYjTgm9g6QfbNuNYXkEQRAxn4DhW7AKG7HBqURw,46.4,47,0.639,2.4,0.42
Cd66qRFT7VChk8ohua7eZRRunSSwwopc324ptrWWPoJV,46.3,61,0.679,45.4,0.24
F6qRoKQD3cDfHAp6QK4KWGF1HHBAsqUYL6yXMrN9rJMK,46.3,57,0.705,4.5,0.22
3YGG4zxvsnCRLLv4cfALVjxr53ABAHVxpXZsqRowhEyc,46.2,55,0.622,98.5,0.39
GV5hrUcGHsdz3cHQed5KqE8C6U7bP4wzGgdVCxPDQBkV,46.2,55,0.644,87.8,0.34
9z1SNSe1WwxcCfGC6wyQCs2VdqpktyGtMDV6bSaNziFg,46.2,62,0.661,70.6,0.26
GfEx1sug5B1ydUif3K8XBy3BitVQDQy33ozhMCnXVwNR,46.2,38,0.689,19.0,0.38
BkXWBM2pvQmbBAm3svgvhCrDA7r2qBWRxRuo9X6jU4rb,46.2,39,0.691,1.2,0.37
J5Wr6RqYjNGzFpHZWJzP7jWNbSqmQX3Qy5xoWsThsFGJ,46.2,73,0.633,0.9,0.24
2RrAwNXyRxKDZpyL11y1yuHVi4Svw3c4EGmTZjQusJnT,46.1,55,0.644,94.0,0.34
8vgX3Wm7U5Qv8siJayJByjq6NUVQGGA5MMEBqiL3uECn,46.1,55,0.706,69.2,0.22
AiLwAtCzPnQh6GnJ1UiMi9vqNniV3QyTM4rueKYNjPwN,46.1,64,0.627,53.1,0.31
3q53H2EQEfjDj8KTY3u3WvdaKSV9ygBkoMhXoqfnVsGm,46.0,55,0.633,96.7,0.36
9UgewxGU43jVWLNhZu49ft9Y9UfFqvFrcCfnnWJ9j57k,46.0,34,0.618,35.6,0.54
C7cavaf4Z9MTZ9AzJ6N22XTyYgzmNDMPLUjqgf586KNa,46.0,70,0.65,31.3,0.22
49R5t9WL1Qv3UMpQeywJr5ie6dhc2sfaBgMTqHi6naYq,46.0,28,0.615,11.5,0.59
8cdozFA4Quz6Zd71V1FbpyU1crNLRJubbNT5gLrN45Y4,45.9,62,0.634,47.1,0.3
C8x3XeiKoGApXdMftpahdxd3CvwJ8xrznCHWmjtnusnh,45.9,28,0.76,6.3,0.3
4W7HX2zEj2mRsJT4VRG7tPEyfDCGftLvRJ6rmfrrVJ8F,45.9,60,0.659,5.7,0.27
G2D6xnsAABYjBwLQqqGLB6wp18rc95xn16q9TW8avPW6,45.8,55,0.656,87.6,0.31
Dj2HQmdSRoqxjZs9tfPc3UMisg5aYZLRxVKxAiLq2w6E,45.8,64,0.611,58.7,0.33
GdHoM7T5woFbwESvE6VPyaoQ6DNTpia3vvvssCyw8bh3,45.8,55,0.623,39.8,0.37
2ehX4zKxQ8ymjr9UL5KA8HnQ32XUyoa7nmAY3k1mwYe8,45.8,68,0.629,25.7,0.26
GxNY8nBmTBYus3KGxWhja2tHkyGYmv7jN9j9K6KuBine,45.8,31,0.774,12.3,0.25
AzU6rwsq9is32shfyY3zWNWETmc2Ee1ncxBtT5HWwaax,45.8,27,0.775,11.6,0.27
AmvrzYKJ2kuoHVntKNtUSHpGSXunBgygzWxc1s4yF33L,45.8,39,0.621,11.0,0.49
CZLYyGPQcV5S9eunswpndjQz3eVBC8FqxQXNt9fSTFSt,45.7,70,0.606,90.6,0.29
83y3QiMvSEwSKFvYfDTHsaVDx4dDW5BgJ6SNZjwahXAx,45.7,55,0.656,80.4,0.3
46ojZjmvYCzgikVQ4NZ1rSMz2vURDhW74U1CQm5p6HSM,45.7,50,0.619,69.2,0.41
TPt1CgbwvcVo8VFbnmA7y3UhqZRdDW1NZuZBRWzqibF,45.7,39,0.641,48.8,0.44
4Y6z1sYP9LiaRoGY7Y6BB4SvZm9agunwk9eeteGk3vav,45.7,48,0.721,13.3,0.22
Cv1D6RRA88on5t6Zeok2PCkEsVd1S3ht8c2ejaWbFJp3,45.7,48,0.643,8.6,0.37
G7EmAdQ1cenPC6LWznvra2j9N4uK5arN1rQMDhxmDYK6,45.7,28,0.775,2.1,0.26
2ykubs1NXNc2Tu9eBZmUsNV8Vy83tDadAawvFBYicqew,45.7,60,0.632,1.6,0.31
741TyxhtrGgdtHJDmygqtjXyxmSLYGEucu42Bguj1tbg,45.6,35,0.629,64.3,0.49
6Virx9MQ3WZwW4BT9Nbnzsq7YdBtuPHFZJV2uUrSEsjz,45.6,30,0.733,11.7,0.33
EgoGj5vUY4ty4amLRHA8JRKAkRMqfd17mu2jS47bcsHD,45.6,33,0.733,1.0,0.3
9jdcBYob49xg3Vyz56syk2Ug4Q1vsY2As2aejywcqHRS,45.6,30,0.653,0.6,0.48
6mR2zvHcPE1Zgei3mxVtNfEVQ575LCWM5oA46Pog48Ac,45.6,62,0.62,0.6,0.32
FppUR1zshkAzaCrBzLnZH9qBNM84c3nUkHfhNw2zeVPR,45.5,41,0.727,32.4,0.26
9dEncw7ioUZZ8eTyTXHtsk1WB8KMuqnhSwjTB2epDmxv,45.5,66,0.603,25.6,0.31
AQwN6PtSwNSJXzumSqcpXeji7vUCvQnFmrbt1vH1YnYb,45.5,27,0.694,22.0,0.42
EBBwkNDz2uRJnqFxgwpEW2RZfgkxVoPEA3Y8apA3Yyyr,45.5,33,0.705,16.2,0.36
CQqBJ3rQ2mkN37RqqDnPu5fgx1A7WF62peRo7ApX8WJC,45.5,51,0.647,11.6,0.34
H8i7ozQGrAfFGdt5MjXj7TYUkhfQR2r89Y7t8cvryYQG,45.5,35,0.701,0.9,0.35
CxWGzpE1GVZzSmr3Vw8GXgNXhLowYDHYtCsEV8trPx5q,45.4,55,0.633,82.2,0.33
5EtD6bwu6GrRUdvAKZs7pymFw8tFMD4MWQ2pGj4fPFEp,45.4,57,0.644,30.8,0.3
HAsjXsrdV51M7id7hfPf1G4nm2hcFe6wZwFxkcXbrmb5,45.4,40,0.738,27.8,0.24
Gc6qSzDXLnmgqHeszp16J48WgRBJmCWPMKLs6BQScaiU,45.4,28,0.701,27.7,0.39
3rzai4SPgJzTjegjonSv5UuhDwYXxZJtAbcjaquicgkx,45.4,58,0.678,16.3,0.22
29N3YppZedz7GtWfGgsULLJWJ6rntaTa6NpCBPZ7o9uA,45.3,45,0.676,1.2,0.32
3B5pCRDNVxhWty76BeMfcUPib7tysaEucLkVEKsqiK7R,45.2,55,0.656,75.7,0.28
GBRTACAzyCBY1ifYmAP63QuEn8dX6odk6EkjD4h3HJsz,45.2,37,0.705,16.6,0.31
2sGKZgKcxAkmpuNuHq3kRdhbb5p7YCCCY3y39bMuPn7B,45.2,38,0.753,15.1,0.21
6zy5aYNk2dygbMeeTyr8yKb5t4XaJPqrdJNBphkzuhQk,45.2,31,0.717,0.0,0.33
5NtKTwTxdHJFmjYshvY6Jt3UgSVKRuNtGJTJ1hN9nxy,45.1,44,0.614,52.9,0.44
NXcEqvRrXhsaEendbrAy9iP8N9cGaWaT2vM8wptvWrc,45.1,43,0.604,48.1,0.46
8qHH4Us8qbWeksueaAmFyuS8tsaf7tHdLQBgzUeycQhZ,45.1,54,0.659,17.4,0.28
22MjtUCJ66mu1xU2o4eNzryn1go3EA6tSfvHmehh4Pp6,45.1,30,0.733,14.0,0.3
CZe4LgnRu8kJSkpph3hNe6FAxv3yykbt9F8QG2F4cusy,45.0,27,0.676,69.5,0.43
AyM6Apjqic7wLYpg9bw72yWoTUKU9ypNy7YPCXhWxeJH,45.0,40,0.679,28.3,0.33
N6JhW7FBa7GtMZ3rRYxHPqSjjv2PFRitRhhzJA9Nqzz,45.0,39,0.69,25.7,0.32
Axe83aC3CEDWs1r9z3xxgoeQk45MLmTyyD44s3YexHKy,45.0,32,0.635,19.8,0.47
AHbGnU8GGYJ5wCV5TGQmPcQyNNVjRZPC54FnLYyrPKuD,45.0,57,0.679,7.8,0.21
CbFQSAMRTJJ6pof6gHHEfbo9TRmdiCZGTTQCW5fs1UM6,45.0,25,0.74,7.0,0.32
FtEhZX7CuxNwAEvrvt36oCrKUSVL6ZVVQXgSxe2VKwD7,44.9,46,0.711,40.7,0.22
Doir5a4mvqdpQvaaSAThWqKFQi1ajatwe72U29gmx1SV,44.9,74,0.613,31.0,0.22
EGnokjceEEeLJunoXs5Nm9Mnq7tvAZdM5yk1jfx5wYH2,44.9,44,0.727,22.7,0.21
F7S3Rd9J23c5mLMsYAt9kvLNLXABvypDEewCGQS9MJey,44.9,57,0.634,20.8,0.3
HhEMJtEmHAJkiMwRP95CfhuBjFfjHrk2uqeatdDTGDxx,44.9,52,0.63,8.5,0.34
GdkxqKmCwxp8f743gUDw6zQyBYnBho81GyhBLn9K2b9X,44.9,39,0.708,0.7,0.28
5CFqJJpTZVSMm5G3azkh6NTi7mKNY1y5MN9EZN8jWJmQ,44.8,55,0.622,77.5,0.33
axyk7rPdzWkXerXiuxYHaPAiNVw81PwuLWEnzASCJP1,44.8,28,0.719,21.3,0.34
EbZfVydfSp6GFvN6d34wC8LsFJS1ABTVfUEoLeLjuo7A,44.8,68,0.626,20.3,0.23
CoMiPa8oa1YtTfm7cCSMz94dhqk4hq2BS1xJdbs7gVqo,44.8,31,0.607,10.0,0.53
H9f9kAkNtG6oqjf43nJMPrCbZ4aMJ3Rbo8MxztXHpwhu,44.8,39,0.718,7.6,0.26
CDRDnEF4nyr2wT7vcTQtV6bmdrjPH4wokSnJHDYhPjaV,44.7,39,0.616,45.1,0.45
4a6V4y4hDFTWEtaNVtVPtd2Dqp8YSnQeugQfwXUJpbPp,44.7,57,0.61,29.5,0.33
4Gfxi4JTFB19GATtefJQEiTTsHqS2sofejfgLfBGWen6,44.7,41,0.689,3.9,0.29
DTvi6ARgZw5ubRxfZgLs3PQKqXchB5UtU8DZibEThBgb,44.6,55,0.659,34.2,0.25
3jU9YWAxW8942dA2ZUqzmEGPEwu9cggfEiJcHHHnLEkf,44.6,39,0.717,29.7,0.25
8HFagtU2YAGxhWRPuFQ9Jrj5K387vQpUUTB7goHpump,44.6,33,0.678,5.8,0.37
8RV5GQK6KD6aDjxqJMiCnJ96ovL7jgscfEwd9EbpZyGk,44.6,38,0.726,0.2,0.24
SfEgnx3erHVsPbTrZiVGJ4RFNG9MjfpeA1MnjXy3aVC,44.5,48,0.618,32.9,0.37
GtmQZHMXx1sMso3SE1vqvz6CtF78vf24MVCRxkuF5j9q,44.5,38,0.639,27.7,0.4
73Tt4uLZTeZsRN8UQXd3HdwjkHT1g29XafW8Xr9YwYhv,44.5,42,0.664,20.7,0.33
EoW8VGi13VttuzvnGoQgevoMGEGDVUq5daPwReynR13W,44.4,44,0.679,17.0,0.28
4F1QC9EP12WyVAHBgkMvDmnLaQPki7Ab2kqBAHtz9Xjh,44.4,34,0.733,6.7,0.25
7wcFJ2Ze8dM7QExNPoaRhPCBF2dde7Y3zKmRarP7Hje6,44.3,39,0.615,45.1,0.43
7Y9ZhtJhNBaWRvs8G5Q15JyNfwQVwPR31pHdfSufw3Kd,44.3,56,0.636,21.6,0.27
76yGatLCWsbBXLumYURqgb6mV2gzTwAvgPKhKBSnDimu,44.3,35,0.671,12.6,0.35
E3rMjNHp8uFKbwZuBjGwGMN1GntiS4KLnu6ZdBYFdjAi,44.2,42,0.712,69.8,0.22
EbCCBmkiDpoB9ecy3esZ5xZFWFMjQdHHAoR2qWjzh133,44.2,48,0.624,36.3,0.35
2gFqRzbpnc1CtZhaniuQHm9YzPCRp62ikg6umUjbSUKd,44.2,28,0.717,20.3,0.31
8tqX8NNA4PrBZ7155tJgZ8FAZsegScZK3x9TKrawY5sD,44.1,48,0.619,35.4,0.35
AJRmNockRwoywChP71yxpavGGR4KFvB9RRDDKytoLax8,44.1,67,0.612,24.8,0.23
BUYkYr5HzZs3Td2UgHQPnsJYAqwq6WJMKZo97yeazEkt,44.0,37,0.652,12.6,0.37
3kGFtaCuLEWcfFHfFrQ5wCcfjjQuGvgSNDhWc1PVKN6M,43.8,41,0.703,35.2,0.23
6UCHvTvMfuyM9ZpcwvzdhcgHrgmtFT5AGukcwJHAdTbR,43.8,46,0.69,30.2,0.22
6RZdWFQMpworTqfHE7wL6uogAXhjdkvxjEdRahZqVGbW,43.8,41,0.639,28.5,0.35
EHZJ2oFFDLxtJoQ1mxg3p5KNQJy5a5L4NujfXPwKLs8k,43.8,28,0.73,8.9,0.27
APvGj2FLbG2fjQS4TuQ6EN5xm8AswjQ5Bm9497EMZ1iG,43.8,38,0.728,8.3,0.2
4iESnGB5KJj5NJox23pcNf3ez8v3xef1dEXy4ADW2kmG,43.8,39,0.654,2.9,0.34
DXqmNFEUUnSoSkhrwkkrW6xqE95Xiiu89A1BAFSbEaMj,43.7,36,0.638,43.2,0.39
9wrJYC18nkMsWgZPKWDV49MwLHpSpiX3p4THZFbLMRWX,43.7,47,0.689,26.3,0.21
AWRpZ9d9WBqUZq8AMWGvfVVVHtKQN1YSAcicZk8Meuv9,43.7,41,0.621,6.3,0.38
3bkh4N4c8NpCXW5CsdmcVgENdBVrkoUvALGx2ddhCAvy,43.7,57,0.657,3.5,0.2
6HZBtMMibcaRUy8uLiKQ5saC87zhxCxMrg6DmSMqvhsW,43.6,47,0.619,26.7,0.34
9uq9L47X4LPJjhcwH3VwFZDpsNPH6Wz24ewAxg46o427,43.6,57,0.644,23.3,0.22
CG4JaoufrgrKedo9DKEcvGMAy6vt6aRMgfPDiRf2VDAn,43.6,37,0.62,19.7,0.41
4pDf3NFQvTQF2JBAFD1uwUSXAQQCE11NND2PJUKeuGYu,43.6,59,0.616,13.8,0.26
M23MSacgRPNbg2X23sLk4Rszr8eaCy9U6ouf3vEneuD,43.6,27,0.625,5.1,0.47
8gfjz2Hh5v2AU9KpCNirHwgAUzaoBLHRbdaamDuy2b4U,43.5,55,0.636,24.3,0.25
GhM6UwN5bMuNZ3dr9vs2e2QskwDEhXtnCLrwc3ySKRkM,43.5,42,0.625,0.9,0.36
HkCBfESmeoUDeMhfyM42uFDyuvFxkJUjinZ1rVtDJjZA,43.4,61,0.613,25.9,0.24
GV6JUAV9kL6rxj1b6knUjXTM3Vwhkxv1sRS2wBs5gky4,43.4,36,0.708,25.5,0.23
8FMGbng3MaMhZhF3mCAzH2J9Am7z6C8WcBdBY4pUz6Wq,43.4,60,0.628,23.0,0.22
ERqLA2S4RVtaYeNSBRiyAw4WAezJJTX2YrrbAExzGbMc,43.4,56,0.615,5.0,0.27
HWtseeWrTJuTX28ywqGTpoPdZt8Td3Q2Q4XRQryvsJgg,43.3,30,0.653,18.4,0.38
6EVj2foSnZerVYqeGx6YCQg8J1wNLcSrswgFpGE6tbAT,43.3,32,0.636,12.3,0.4
4S2WWzmtxin96nfmrHWSUDPHkGSnFMUEZMR3471smpfe,43.3,51,0.637,3.0,0.26
qBpBoLhjaH9yczwW353ir7V8swocMPMtLwkn1yF7zPH,43.2,42,0.642,27.6,0.31
3HRuj37sVRTtoiragGMoc2YcaXU8WEGTHjsoHSPVQUXL,43.2,43,0.648,20.7,0.3
F6CzyaakTSTmrQh7f2fhN8K4YJvgzy8EtQVC4Z2MAnzd,43.2,34,0.706,7.2,0.25
3HXQoPaA7NwrCsfSsRM5GFTBVUEdD9FqsrjbBWmmVKVz,43.2,35,0.667,3.6,0.32
AAvuSH4s5HfZb2dzKSXm2iQFmnGZ5fifsCECRKWDUJGD,43.1,54,0.604,52.5,0.3
FdvEAdJr5ieskLtFw9bS6niZC8yfnXGjnoAxqegysP54,43.1,40,0.69,27.6,0.23
BAeKv7chKp2WjAggM2tNhGNsFQvV7g63Ft9zzhbWH5Bc,43.0,32,0.733,2.6,0.2
Za7WaPatbRfuKdJqzKF5xjmJifRRS7WrHTBp6rHezSH,43.0,27,0.742,0.7,0.22
6m4S7HkWwXdqorGFZ7KFPrE12TiCWtotZHUjyVe2Rqy5,42.9,46,0.654,29.7,0.25
4ycRZ8vJpqyWKNoi4h2n8yPchK4nqGgnCja9j9jgmi1P,42.9,38,0.631,7.7,0.35
BVVvoAwEzSGhuuprTqtCWZCevng9RZu43KTC2sFicmjX,42.8,41,0.653,26.2,0.28
kcVzEbXLr9xES5qooZ11pJQ1UWGVbH6hf7qPJ2ajMxf,42.8,29,0.721,13.8,0.23
ELJxbb5br7XaYDjKPv1vYpAPoLW3UEsFGe4oKFpjrV8L,42.8,42,0.673,4.4,0.24
3s2LsmDSeLE2TBy5pNox6JPLnAbjmxxJBnU18DptH7tQ,42.7,43,0.624,34.3,0.32
AcYS7iwfgBpxUp2cLkBJATNWHAgrjXq98gTDqGU8hk7u,42.7,54,0.611,31.4,0.26
dHxwWWEMLD2RDPZNbdmQrKqwZz6DvjythRHu2NPB4ru,42.7,28,0.615,24.0,0.44
3KWkZa8wQvYXjYnrgtpiJcYyoGkMMRGx4EY3eX6oJMeY,42.7,30,0.611,0.2,0.44
4nwfXw7n98jEQn93VWY7Cuf1jnn1scHXuXCPGVYS9k6T,42.6,34,0.679,47.2,0.27
5hBBjEXFybtFddBMJzwphKeZXyZrGfjfBLUaYfKjSSkm,42.6,37,0.678,9.6,0.25
9Yjrogy4KLpforbDbW57awdpoVVt5MJebGckrGLREM9R,42.5,51,0.652,38.0,0.2
6NnxtSzHEmmMpiF3zxmL3nVsCU771fvDAH2PQD5UYfN,42.5,36,0.69,33.8,0.23
EHfiD7Nrg846QqouHKjqyzWDaMcLpf5ouFTQAuHmP2vb,42.5,46,0.626,13.2,0.29
DLzysxBR8VLB7kxiDJY7qtG61QPjx3FRhYE2JXsdd9wV,42.5,31,0.689,2.4,0.27
CxDPb7ukYVfZdAKs8628LAuEcrq2L1uPkQBjpRgVrokL,42.4,29,0.668,36.2,0.32
CR9YuGfrj9itmq5zcobuqzodrZt8h5U8TbVhfBQwLae8,42.4,53,0.622,32.4,0.24
HMjkjo3Y3HbbRUiwCru5DfH3uLvuBCot48DEbWZ3qAUf,42.4,46,0.663,26.8,0.21
5xWUz9r1iWsYEK8opDVPrbokiH53R1MTsWhipaRQF8X1,42.4,41,0.685,24.8,0.2
CXrAL8LCHwn3zjQLEECqBAp2vm4pkysBY4dzJ8Urien3,42.4,39,0.658,20.9,0.27
9cey5XM1MjBYTq4wpwbQAhXj3e4HYZvqyNx5iCgQq7qQ,42.4,31,0.641,1.0,0.36
8CB4Zu3br3F6Yxhqye3hFXNV2E522dXeWfr5H8DXYTnZ,42.3,55,0.611,62.0,0.24
95vxbgsrhV76xmQEM9cCMLerq1hvD7qT3zwDFCFbP1KU,42.3,38,0.622,45.9,0.34
7LTmWmgQKFsASa35hruNWmo5rhbChSs58B2tR5S5LT4M,42.3,43,0.648,17.9,0.26
2bsnmSj4y5CmQpJski8aS5QirQHsh5yDdENGmCH6BFWj,42.2,58,0.612,19.6,0.21
FcELSqYLPzKymJxdTJvPM91pZ2o1H4rQV14hYdhCNxeo,42.0,51,0.628,61.6,0.23
HKQrSk6jPfUCEZWF3DW6FjueNnNvJV45S75jWcUS9iqj,42.0,48,0.635,36.0,0.23
5qJ7XGnpDTwSooDNDiJDuBDnytCrgYcwHG9dVeEnJYiJ,42.0,40,0.624,24.1,0.31
Fx8WDBfn82KgAQGE8wzG9Fq8dAYunAhXQ1hi2kyGkNJW,42.0,49,0.621,20.0,0.25
4jvREc4gimY9NNBDxLoUyBd7VXe3A3KZqA6RQa1Qowpf,41.9,32,0.624,17.1,0.37
F8uih3Y79qsWnA5FPTyXSNfQTjqwdh6phyQcixaJayVi,41.8,27,0.674,9.6,0.3
5tpUTdYnMBfK3ZJmGqZ21q2rPECoSSa8ueKqeKnZQ1Vb,41.8,33,0.691,6.5,0.22
D7iFEkarX7NT8fjGfhjjC3ZSXCM3Lde4aQsmGdxodEZC,41.7,55,0.617,1.0,0.2
7aqsQ9hpQ2Jk6tAPBv9CvXaDY3ceerQ59EDimFEg71b7,41.7,25,0.6,1.0,0.45
FLzamiAhTRowMUqsdAXy2KZzwtK1eK55fJaKFV4oZQS3,41.6,53,0.623,41.9,0.2
8BZQcH4HM37rWoXtmtCzB81kXAjg2WiCVRgz4zechRGG,41.6,32,0.7,15.2,0.2
C2zmucCK5m1fLwHYYn23dWVLGGj32XgKVBpqhMC8yjbf,41.6,35,0.619,10.0,0.34
H5EVBeFt6V5Uod7oyQixbuyQ3k6B15fisxY27RQYtYKY,41.5,45,0.628,32.9,0.25
i7MjnyDM2RqQnYe95N1it9HCtE6kUjMjC5RXJqWCoCK,41.5,37,0.653,15.2,0.25
9Ege4tkBobeiyuFXr6a2VehESF6jF2yAmiVNm1qGCoXo,41.5,35,0.633,2.2,0.31
Gb8G7VUMjqKezrGN7gX5PUJBbA2ZXTiAaHgHN4K6hrtx,41.4,35,0.607,8.8,0.35
AXLoo7EsuioS3vRjdNJgbCGf2FpsiHFiXikPZPeJQQJY,41.3,35,0.672,11.3,0.23
Fqf8jJXwXL1bnXQ6VZTEePZwGAoLc9vSLrme4qu7yfPw,41.2,45,0.624,19.2,0.24
7kqcVBgr3vBQZfhdK5i6ipMPxog4MTc5NSkrLgNUrHRJ,41.2,28,0.674,2.1,0.27
Fzy4J5e4EKpXGqELuytXb9focmXNyv1rVPX1YR6xapo8,41.2,41,0.657,1.9,0.21
5kD9NFS9UZ47ie6rxULd7CsU1vifj2mCTBkXkVyyUyab,41.1,30,0.692,16.9,0.21
B4BSXjH8pzPrros5mcUhhhNXeSEKYh9ZaRzQmGvpL8W3,41.0,33,0.654,60.9,0.26
3VMh4VdvNN9yn6Ax2yByMLGTBgee422pagKJUtgHLJ5s,41.0,47,0.626,2.2,0.21
GXzXaTnio9FXpNeGsxXV2yXYB3KZdV63iCpo4T2zPTiu,41.0,26,0.661,0.6,0.3
9W4L1nqEfrAntjX86xttK8AVmxXeDgj5Fwv1dARmGDH7,40.9,43,0.601,19.9,0.29
DZCDuaAdx1HZuqweJasaQLqgsPZ7R8His7oSYtWpXFtL,40.8,38,0.636,13.0,0.25
CcSDkaY2Yq74nLRFdHs97PVgoe5tRPdvbcSmudif3smF,40.8,53,0.603,6.3,0.21
daSRVBYYJSgKgXVNwVfP3LQmejjAEzbNGymFbXjUMMJ,40.8,42,0.643,1.0,0.21
CLt5bgeZWQRr13K84W1BJhYHeN2M5utp6EYafeiosCKy,40.7,40,0.624,22.3,0.26
CiTiua58bWpExiVTwGmQDFLUrdy78EFEr6WYschogLH,40.6,31,0.662,16.6,0.24
BayHkQPtez33FT5PedhWRfVUZfAxpgobBZPncdWCW5s6,40.6,31,0.679,11.1,0.21
6HfB6cSD3LT86jxes64tw9546LMpZTF2LejRzotZXHNX,40.6,33,0.602,1.5,0.34
6vhBczo6DqLwLeduNHfeD8XNgEACFj6YQ2KgQ9FcyfQ5,40.5,49,0.613,18.0,0.2
Gxyvp9P82rJasPbYktFSAzmrSTzdVhShRHZBzcGAPu5J,40.3,39,0.644,25.4,0.21
2AicNQ2LSEkSsFPxq4JnGrZLbbHyT2dqkhDaWX2SJ84U,40.3,30,0.675,17.3,0.21
GxHAfkKbc6tG7i9FrZovrXiQNngT8DLSYAXSksGg4478,40.3,30,0.675,17.2,0.21
5NwnietgLVNsmLQBPa5DBkZcL9xR3NLsNva7jRCymWeL,40.3,39,0.639,2.3,0.22
4uE9MgH5er5nroBkBHYmrHfgSieCxszVYdkFjvMy7xJH,40.2,31,0.616,25.3,0.31
GRamkEB3FuZeB7vzsP3VywiohRAttrjER5PxmHBGNtQi,40.2,43,0.613,15.6,0.23
5YRfKE92rtCsbkVTSYNBtS9pzDSri5RAYLF9bx2qz9z6,40.2,43,0.631,0.9,0.2
2FrrKQ5wtTrYiKAMWRY7X5SFmUFFMxXhBEyhvg6g7ZeK,40.1,39,0.643,24.0,0.2
EqVnvBSmmEAEjh1Hy6sDAn2a1hZWghU56pMk1VhKdkxW,40.1,27,0.665,1.2,0.24
CzedNLZbsrcUN6jrvkf5pDiLcMNpCJVqV54cPefk7xea,40.0,47,0.603,19.1,0.22
HgU2aN64SvvQKgZAWvc6pLN2ehSXkxdzzwbgLLBucZ3M,40.0,35,0.623,12.7,0.26
XR9jMoLidke9mPV6okoWZXmwtimE49m1dzJsmAfSuDr,39.9,40,0.601,32.4,0.26
F5ebHoRvKk3PdEkw4ZHxvDpWB9rutibkPv9awnfEX6hu,39.9,28,0.674,17.1,0.21
561vMzH95GBmsfyST5SgxSU2PSiXBUtFbWS2BQ5BS4rP,39.9,44,0.62,9.4,0.2
CSiDbEbjWGHwLH5Z3i42NGLz7iVAZh8GKADsGJres1M8,39.9,33,0.636,2.6,0.25
B7KriP5FbJCp2ZNUKxdGAkCioV5oQXrddRfLYezRwVjQ,39.9,34,0.633,1.9,0.24
BcgqpYtGtwCjBp6AeJoTUJfvJvSpjvBLzHZcaAKiYBxk,39.8,34,0.61,1.1,0.29
Govapkt6tKhJpJiRaqeSWbrjLUAnNLsd6RnS1eGhWVZN,39.6,41,0.616,7.5,0.21
DaqWxPSDWZGq9SB86JpUvYjqodGh5SwwdTfQyxDxV4Hd,39.4,36,0.613,12.6,0.25
7cDkyWTAaybFweJQmg71tmeGwJG7skGL2AP1JaRrnzWZ,39.2,44,0.602,32.9,0.2
8YgSb4D9fgCu45LqMPvjNmKKeDhmC1hrz9Qaez6ERz4g,39.2,39,0.622,25.0,0.2
ByBJe6HQiwumafsUbsJTc1jgan5LJBGghFvfPyeqrhQY,39.2,25,0.65,17.5,0.25
AEEUjaWe1CMsYZLoQLPuSjPYyVrK5pK6LZkdgmYPVAWq,39.0,30,0.625,6.7,0.25
fFp4cdjkAMKJFivC1EMqBQ8ELX2ujHUmYyBEgZ8ijwd,38.9,38,0.604,54.9,0.23
J4ErbuJnNLCQopW3ajwAzXECTW616TJjwdwwix7n1Jv7,38.5,30,0.625,6.0,0.23
42XpgndcSJpMLv9sdJGkHqfemkPh8PmfzxfHKhcgr2kF,38.5,29,0.627,0.2,0.23
UPbitoBqXRCbjBrNEqZDR4nhN7oyxp5qn52Bg62auqj,38.4,30,0.602,10.1,0.27
DT2ZXrmQJXVzxLsifdZG1yu1gpWxbEv7JyLnovZR5McM,38.2,31,0.616,14.0,0.23
sFJsLPfPheGn6Cx83jKBReKgvYCtTRHyD1P6d1H4GHK,38.1,28,0.606,5.5,0.26
GcppdpVLs8ggFA5uQ7gKWTsqq4z6KVc9r5KdCk7XAfhD,37.9,28,0.608,0.3,0.25
AhTsA9qpLhGyi43y9QAmdAb3KFdxtUuR9LALU9cwxhNb,37.8,30,0.6,6.2,0.25
fUvxQJaPAgowCMDk2vabMyKGfYzRXT966MJWPdgXR3U,37.7,29,0.62,12.0,0.21
93cPUFQgp9aCguU3etnFJUxy88AThDq6MtQa76LvQVTW,37.6,27,0.625,11.9,0.21
